# Object Export From Tinkercad Server 2015

mtllib obj.mtl

o obj_0
v 0.066 		-0.095 		18.883
v 0.047 		-0.076 		18.883
v 0.03 		-0.067 		18.883
v 0.044 		-0.202 		18.883
v 0.075 		-0.164 		18.883
v 0.078 		-0.128 		18.883
v 3.38 		-2.772 		12.114
v -0.04 		-0.076 		18.883
v -0.071 		-0.128 		18.883
v -0.059 		-0.182 		18.883
v -0.028 		-0.207 		18.883
v -0.01 		-0.213 		18.883
v 3.183 		-3.018 		13.138
v 0.141 		1.796 		1.992
v 0.662 		0.087 		18.454
v -12.078 		0.861 		12.099
v 3.231 		-2.916 		13.122
v -12.084 		0.857 		12.252
v -12.082 		0.86 		12.164
v 3.164 		-2.814 		13.101
v 0.757 		0.009 		18.514
v 0.844 		0.038 		18.442
v 3.311 		-2.827 		13.066
v 3.356 		-2.565 		12.279
v -1.576 		0.915 		14.085
v -1.576 		0.918 		14.082
v 0.142 		0.208 		1.564
v -12.089 		0.866 		12.231
v 0.21 		0.238 		2.018
v 3.311 		-2.921 		13.092
v 0.202 		0.245 		2.018
v 0.632 		0.011 		18.545
v 0.196 		0.248 		2.018
v -3.38 		-3.463 		12.748
v -3.302 		-3.548 		12.733
v -12.081 		0.863 		12.118
v 11.454 		1.127 		12.049
v 0.062 		0.293 		18.545
v 0.042 		0.344 		18.509
v 3.38 		-2.85 		12.078
v 0.16 		0.319 		18.503
v 0.109 		0.365 		18.456
v 3.38 		-3.018 		12.048
v 11.454 		1.036 		11.438
v -3.302 		-3.548 		12.348
v 0.134 		0.951 		1.94
v -3.342 		-3.546 		12.448
v -12.068 		0.989 		11.856
v 0.094 		0.215 		1.564
v -12.059 		1.015 		11.979
v 12.026 		1.042 		12.103
v 3.155 		-2.815 		11.983
v -12.064 		0.992 		11.817
v 3.126 		-2.916 		11.96
v 3.203 		-2.72 		12.025
v 0.171 		0.288 		18.532
v 0.274 		0.274 		18.462
v 11.542 		1.083 		11.802
v 0.221 		0.287 		18.504
v -3.38 		-3.492 		12.414
v 3.231 		-2.916 		11.959
v 0.108 		0.192 		1.337
v 3.212 		-3.018 		11.947
v 0.068 		0.177 		1.082
v 11.748 		1.036 		11.6
v -3.126 		-3.599 		12.643
v -3.126 		-3.599 		12.438
v 11.643 		1.062 		11.729
v -3.183 		-3.607 		12.437
v 3.311 		-2.827 		12.015
v 0.113 		0.183 		1.337
v -3.295 		-3.588 		12.541
v 3.164 		-2.635 		12.997
v -12.066 		0.869 		11.802
v -12.07 		0.86 		12.029
v 3.311 		-3.018 		11.981
v 3.241 		-2.639 		12.993
v 3.241 		-2.566 		12.92
v 0.077 		0.201 		1.38
v 3.302 		-2.736 		13.029
v 12.087 		0.99 		12.231
v 3.311 		-2.658 		12.969
v -6.424 		0.876 		14.467
v -11.454 		0.878 		11.297
v 3.38 		-2.641 		12.857
v 3.38 		-2.772 		12.967
v 12.074 		0.86 		12.067
v 3.38 		-2.933 		13.026
v 12.083 		0.856 		12.241
v 3.38 		-3.187 		12.078
v 12.078 		0.861 		12.099
v 12.082 		0.878 		12.051
v 0 		1.689 		0.357
v 0.204 		0.245 		18.545
v 0.37 		0.098 		18.545
v 0.391 		0.062 		18.545
v 3.107 		-2.442 		12.642
v 0.05 		0.145 		0.912
v 0.29 		0.232 		18.512
v -12.058 		0.977 		11.552
v 0.032 		0.154 		0.809
v 0.029 		0.156 		0.799
v -1.578 		0.872 		14.106
v -12.043 		0.998 		11.641
v 3.164 		-2.431 		12.644
v -1.578 		0.872 		14.106
v 0.032 		0.158 		0.827
v 3.126 		-3.397 		12.089
v 3.126 		-3.47 		12.162
v -1.578 		0.872 		14.106
v 0.464 		0.081 		18.514
v -12.065 		0.88 		11.623
v 0.386 		0.121 		18.474
v 0.047 		0.154 		0.898
v 3.203 		-3.535 		12.243
v 3.222 		-2.459 		12.744
v -1.578 		0.872 		14.106
v 0.05 		0.165 		0.94
v 1.282 		0.037 		17.677
v 0.042 		0.161 		0.884
v 1.054 		0.141 		17.935
v -1.572 		0.692 		14.272
v 3.277 		-2.475 		12.738
v 3.38 		-2.544 		12.668
v 3.311 		-3.378 		12.112
v 3.277 		-3.461 		12.17
v -1.586 		0.762 		13.991
v 0.015 		0.002 		0.685
v 0.011 		0.145 		0.657
v 3.135 		-2.448 		12.388
v -1.59 		0.727 		13.86
v 12.034 		1.016 		11.803
v 0.987 		0.018 		18.361
v 3.183 		-2.429 		12.437
v 0 		0.145 		0.657
v 12.071 		0.87 		11.861
v 3.126 		-2.428 		12.541
v 12.068 		0.86 		12.016
v 0.912 		0.017 		18.427
v 0.857 		0.159 		18.184
v 12.036 		0.861 		11.91
v 0.997 		0.109 		18.143
v -12.059 		0.887 		11.327
v 3.241 		-2.437 		12.438
v -12.059 		0.888 		11.343
v 0.732 		0.21 		18.157
v 3.277 		-2.475 		12.343
v 3.311 		-2.467 		12.444
v -12.062 		0.884 		11.483
v -12.061 		0.89 		11.392
v 0.017 		-0.974 		2.448
v 3.38 		-2.529 		12.498
v 0.24 		-0.741 		2.472
v 11.454 		0.829 		12.049
v 0.273 		-0.724 		2.472
v 0.278 		-0.717 		2.472
v 3.38 		-2.573 		12.333
v 0.337 		0.244 		18.26
v 0.235 		0.366 		18.21
v -5.359 		0.649 		13.444
v -12.058 		0.889 		11.275
v -12.052 		0.885 		11.328
v 0.057 		0.4 		18.392
v 0.017 		-0.741 		2.472
v 0.153 		0.39 		18.336
v 3.145 		-3.315 		13.056
v -5.344 		0.71 		13.489
v 3.09 		-3.118 		13.109
v 0.108 		0.436 		18.187
v 0.052 		0.452 		18.165
v 3.222 		-3.315 		13.056
v 3.183 		-3.172 		13.116
v 3.311 		-3.209 		13.066
v 3.222 		-3.121 		13.126
v 3.311 		-3.503 		12.261
v -11.549 		0.914 		10.782
v -1.583 		0.784 		14.045
v 12.04 		0.998 		11.62
v 0.451 		0.236 		18.246
v 12.045 		0.998 		11.662
v 0.313 		0.284 		18.165
v 3.38 		-3.335 		12.163
v -11.454 		0.921 		10.824
v -1.576 		0.958 		14.038
v -11.624 		0.995 		11.238
v 0.163 		-0.472 		1.791
v -1.576 		0.954 		14.045
v 3.145 		-3.121 		11.955
v -1.576 		0.933 		14.068
v 3.155 		-3.221 		11.983
v 3.193 		-3.316 		12.025
v 0.112 		0.474 		17.763
v 0.223 		0.397 		17.764
v 0.042 		0.493 		17.763
v 0.145 		-0.371 		1.564
v 0.14 		-0.378 		1.564
v 0.149 		-0.36 		1.564
v 0.005 		0.496 		17.763
v 3.203 		-3.122 		11.954
v -1.597 		0.701 		13.635
v 3.311 		-3.209 		12.015
v 12.051 		0.971 		11.36
v 0.247 		0.403 		17.717
v 0.911 		0.283 		17.552
v 0.149 		-0.284 		1.564
v 0.516 		0.354 		17.779
v -11.993 		0.966 		11.154
v 12.055 		0.962 		11.281
v 3.302 		-3.116 		13.095
v -0.118 		1.664 		12.537
v 2.986 		-2.641 		12.224
v 2.986 		-2.772 		12.114
v 2.986 		-2.891 		12.067
v 2.986 		-3.061 		12.052
v 12.058 		0.959 		11.329
v -0.971 		1.547 		12.394
v -1.001 		1.611 		12.94
v 3.064 		-2.736 		12.053
v 3.056 		-3.018 		11.981
v 0.192 		-0.561 		2.018
v -11.894 		0.895 		11.089
v -0.494 		1.71 		13.02
v -0.748 		1.675 		12.984
v 3.072 		-2.581 		12.175
v 0.185 		-0.563 		2.018
v 1.156 		0.208 		17.286
v -5.325 		0.705 		13.459
v 0.207 		-0.55 		2.018
v 3.107 		-3.525 		12.833
v 3.072 		-3.384 		12.977
v 3.117 		-3.467 		12.917
v 2.986 		-3.335 		12.163
v 2.986 		-3.42 		12.259
v 1.395 		0.039 		16.997
v 1.366 		0.148 		16.515
v 2.986 		-3.265 		12.114
v 3.048 		-3.374 		12.117
v 3.068 		-3.164 		11.996
v 3.203 		-3.475 		12.924
v -1.304 		1.417 		12.585
v 3.212 		-3.4 		12.996
v 0.101 		-0.297 		1.337
v 12.058 		0.967 		11.451
v -1.46 		1.306 		13.047
v -12.057 		0.954 		11.14
v -1.428 		1.294 		12.54
v -1.121 		1.487 		12.352
v 0.111 		-0.286 		1.337
v -1.212 		1.515 		12.896
v 3.06 		-3.476 		12.22
v 0.113 		-0.281 		1.337
v 1.309 		0.14 		16.974
v -12.047 		0.961 		11.166
v -12.053 		0.959 		11.227
v 1.629 		-0.386 		11.476
v 0.103 		-0.295 		1.337
v -1.534 		1.172 		12.976
v -5.303 		0.654 		13.391
v 0.978 		0.415 		16.529
v -1.517 		1.174 		12.564
v 1.605 		-1.266 		12.104
v 1.609 		-1.217 		12.236
v 0.134 		0.462 		17.285
v 12.057 		0.883 		11.417
v -12.062 		0.894 		11.16
v 0.605 		0.462 		16.76
v 1.825 		-1.454 		12.276
v -12.061 		0.894 		11.145
v 0.691 		0.405 		17.129
v -1.635 		0.225 		12.304
v -12.059 		0.892 		11.194
v 1.828 		-1.444 		12.278
v 0.066 		-0.211 		1.111
v -12.06 		0.892 		11.207
v 0.073 		-0.161 		1.068
v 0.069 		0.485 		16.996
v -5.307 		0.704 		13.438
v -5.242 		0.71 		13.372
v 0 		0.505 		16.78
v 0 		0.554 		16.436
v -5.278 		0.691 		13.37
v 1.755 		-1.399 		12.145
v -12.058 		0.893 		11.155
v 1.072 		-0.569 		18.483
v -12.048 		0.891 		11.163
v 1.154 		-0.364 		18.442
v 0.026 		-0.083 		0.784
v 12.051 		0.89 		11.207
v -5.247 		0.702 		13.313
v 0.03 		-0.096 		0.816
v -5.248 		0.706 		13.348
v 1.761 		-1.434 		12.117
v 1.096 		-0.153 		18.444
v 1.72 		-1.432 		12.037
v 0.035 		-0.111 		0.855
v 1.034 		-0.145 		18.484
v 0.054 		-0.166 		0.997
v -12.064 		0.897 		11.064
v -12.064 		0.945 		11.026
v -12.064 		0.897 		11.129
v -5.277 		0.617 		13.389
v -12.057 		0.953 		11.103
v 0.922 		-0.26 		18.545
v 0.941 		-0.022 		18.453
v 0.04 		-0.112 		0.869
v 0.982 		-0.115 		18.499
v 0.818 		-0.009 		18.506
v 0.03 		-0.086 		0.8
v 0.869 		-0.086 		18.53
v 0.933 		-0.087 		18.508
v 0.034 		-0.095 		0.827
v -12.064 		0.914 		10.782
v -12.064 		0.942 		10.981
v 0.031 		-0.092 		0.813
v 0.772 		-0.06 		18.545
v 0.078 		-0.145 		18.545
v -0.045 		0.816 		7.51
v 0.036 		-0.201 		18.545
v -1.498 		-0.204 		16.173
v -1.499 		-0.659 		16.194
v 0.062 		-0.152 		0.997
v -0.061 		0.819 		6.59
v 0.848 		-0.704 		18.545
v 0.963 		-0.793 		18.48
v 0.845 		-0.93 		18.475
v 0.753 		-0.959 		18.49
v -1.491 		-0.039 		16.241
v 0.017 		-0.053 		0.706
v 0.015 		-0.049 		0.695
v 0.763 		-0.799 		18.545
v 0.566 		-0.914 		18.545
v 0.023 		-0.072 		0.756
v 12.058 		0.954 		11.16
v 12.048 		0.961 		11.177
v 12.051 		0.963 		11.221
v 0.9 		-0.608 		18.545
v 0 		-1.678 		16.297
v 0.026 		-0.072 		0.767
v 0.454 		-0.942 		18.545
v 0.318 		-0.956 		18.545
v 12.058 		0.954 		11.177
v 12.053 		0.963 		11.243
v -1.498 		-1.478 		16.133
v -1.499 		-1.282 		16.133
v 12.039 		0.969 		11.243
v 0 		3.708 		0
v -1.441 		-1.614 		16.133
v 1.057 		-0.035 		18.37
v 0 		3.708 		0.004
v -1.395 		-1.649 		16.133
v 1.131 		-0.068 		18.327
v 1.21 		-0.131 		18.28
v -1.32 		-1.676 		16.133
v 0 		3.279 		0.051
v 1.24 		-0.243 		18.306
v -0.063 		0.291 		18.545
v -0.136 		0.275 		18.545
v 12.064 		0.944 		11.096
v 12.064 		0.942 		11.119
v -0.227 		0.266 		18.521
v -0.208 		0.307 		18.483
v -0.174 		0.349 		18.432
v 1.272 		-0.495 		18.276
v 1.212 		-0.451 		18.379
v -1.524 		-0.392 		15.331
v -0.746 		0.553 		6.052
v -0.103 		0.36 		18.462
v -1.537 		-1.534 		15.11
v 1.275 		-0.395 		18.281
v 1.229 		-0.374 		18.357
v 1.16 		-0.269 		18.425
v 3.277 		-3.488 		12.87
v -1.379 		-1.704 		15.112
v -5.322 		0.621 		13.435
v -1.52 		-1.616 		15.11
v -1.492 		-1.657 		15.111
v -0.254 		0.255 		18.514
v 1.212 		-0.021 		18.086
v 3.38 		-3.335 		12.918
v 3.38 		-3.265 		12.967
v 1.302 		-0.132 		18.068
v 3.38 		-3.396 		12.857
v -0.283 		0.19 		18.545
v -5.487 		0.71 		13.531
v -0.377 		0.123 		18.469
v -5.432 		0.703 		13.499
v 1.265 		-0.037 		17.99
v -0.293 		0.225 		18.507
v 1.319 		-0.22 		18.104
v -0.258 		0.22 		18.541
v -0.688 		0.5212 		5.632
v -5.432 		0.644 		13.475
v -0.776 		0.533 		6.052
v 1.389 		-0.361 		17.932
v -0.277 		0.253 		18.49
v 3.38 		-3.104 		13.026
v -0.806 		0.462 		6.052
v 1.337 		-0.394 		18.135
v 12.044 		0.959 		11.133
v -0.386 		0.072 		18.535
v 3.145 		-3.577 		12.744
v 12.061 		0.949 		11.127
v -0.386 		0.072 		18.534
v 3.277 		-3.561 		12.738
v -0.805 		0.477 		6.052
v 1.201 		-0.96 		18.133
v 12.056 		0.954 		11.121
v 1.761 		-1.445 		12.117
v 1.759 		-1.455 		12.117
v -5.49 		0.661 		13.482
v 1.16 		-0.571 		18.414
v 12.06 		0.95 		11.1
v -0.383 		0.062 		18.545
v 1.259 		-0.606 		18.265
v -0.386 		0.07 		18.536
v 1.13 		-0.777 		18.361
v 1.763 		-1.506 		12.249
v 3.38 		-3.492 		12.668
v 1.123 		-0.899 		18.292
v 11.931 		0.96 		11.076
v -0.66 		0.084 		18.461
v -0.854 		0.021 		18.458
v -0.662 		0 		18.545
v 3.135 		-3.553 		12.291
v -0.6172 		0.4825 		5.12
v 1.295 		-0.747 		18.11
v -0.351 		0.19 		18.422
v 12.064 		0.942 		10.981
v -0.275 		0.301 		18.363
v 12.064 		0.914 		10.782
v -0.193 		0.395 		18.187
v 1.358 		-0.521 		18.05
v 1.594 		-1.308 		11.947
v -5.554 		0.679 		13.484
v -0.115 		0.818 		4.751
v -0.166 		0.388 		18.31
v 11.835 		0.914 		10.782
v 3.311 		-3.569 		12.444
v 3.38 		-3.445 		12.294
v 1.411 		-0.83 		17.588
v -0.128 		0.809 		4.751
v -5.624 		0.695 		13.474
v 1.353 		-0.785 		17.9
v 1.396 		-0.598 		17.874
v 3.342 		-3.554 		12.541
v -0.13 		0.806 		4.751
v 11.454 		0.914 		10.782
v 3.38 		-3.507 		12.498
v -0.132 		0.798 		4.751
v 3.107 		-3.595 		12.439
v 3.126 		-3.604 		12.592
v 1.424 		-0.324 		17.708
v 1.66 		-1.364 		12.014
v -5.592 		0.711 		13.524
v -0.422 		0.182 		18.369
v -0.328 		0.246 		18.25
v 1.31 		-0.04 		17.847
v -5.544 		0.711 		13.532
v -1.401 		-1.736 		13.974
v -1.581 		-1.664 		13.974
v -1.57 		-1.688 		13.974
v 1.608 		-1.346 		11.95
v 0.998 		-0.871 		18.422
v 1.019 		-0.986 		18.339
v -0.5465 		0.4437 		4.608
v -0.018 		0.454 		18.165
v 3.241 		-3.599 		12.438
v -0.175 		0.427 		17.971
v 3.217 		-3.605 		12.618
v -0.045 		0.82 		4.293
v -0.069 		0.82 		4.254
v 3.277 		-3.596 		12.541
v 1.591 		-1.324 		11.906
v -0.475 		0.283 		18.103
v 11.454 		0.921 		10.824
v -5.743 		0.713 		13.402
v -1.508 		-1.732 		13.974
v -0.732 		0.21 		18.157
v 1.575 		-1.534 		11.907
v 1.653 		-1.484 		11.951
v 1.147 		-1.066 		18.128
v 1.143 		-1.195 		18.01
v 1.209 		-1.124 		17.962
v -0.935 		0.002 		18.429
v 1.677 		-1.447 		11.958
v -0.925 		0.072 		18.324
v 1.701 		-1.479 		12.031
v -1.612 		-1.435 		13.324
v -0.997 		0.109 		18.143
v -1.619 		-1.516 		13.313
v 1.312 		-1.138 		17.666
v 1.22 		-1.239 		17.816
v 1.178 		-1.302 		17.814
v -0.495 		0.42 		4.262
v -0.148 		0.416 		4.174
v -0.981 		0.253 		17.576
v 1.626 		-1.456 		11.88
v -1.6 		-1.364 		13.346
v 1.606 		-1.446 		11.849
v -1.599 		-1.466 		13.345
v -0.623 		0.38 		17.453
v -0.841 		0.314 		17.527
v 1.583 		-1.424 		11.815
v 2.986 		-2.975 		13.03
v 2.986 		-2.736 		12.943
v 1.582 		-1.405 		11.818
v 3.056 		-2.658 		12.969
v 3.064 		-2.825 		13.07
v 3.056 		-2.921 		13.092
v 1.628 		-1.409 		11.896
v -0.5256 		0.4323 		4.4567
v -0.4902 		0.4135 		4.2084
v 1.599 		-1.371 		11.89
v -0.475 		0.405 		4.096
v -0.033 		0.494 		17.763
v -0.182 		0.43 		17.57
v -1.595 		-1.521 		13.354
v 11.624 		0.995 		11.238
v 2.633 		-2.067 		12.62
v 2.63 		-2.233 		12.734
v -0.247 		0.367 		17.902
v -5.242 		0.616 		13.283
v -5.271 		0.668 		13.309
v 2.657 		-2.293 		12.733
v -0.67 		-1.012 		5.381
v -5.257 		0.692 		13.284
v -5.279 		0.663 		13.213
v -1.282 		0.037 		17.676
v -1.054 		0.141 		17.934
v -1.112 		0.176 		17.621
v 2.65 		-2.227 		12.727
v 0 		2.755 		3.111
v 1.579 		-1.437 		11.806
v -1.153 		0.005 		18.14
v -1.623 		-0.909 		12.858
v 1.032 		-1.406 		17.81
v 2.571 		-2.234 		12.692
v -5.272 		0.682 		13.22
v 1.182 		-1.469 		17.456
v 2.582 		-2.087 		12.725
v -1.605 		-1.239 		13.263
v 1.299 		-1.313 		17.502
v -1.083 		0.024 		18.23
v 1.571 		-1.527 		11.858
v 6.424 		0.867 		14.463
v 1.574 		-1.456 		11.796
v 2.986 		-2.544 		12.668
v 3.039 		-2.477 		12.636
v -5.331 		0.654 		13.135
v -5.357 		0.681 		13.115
v 2.833 		-2.509 		12.549
v 0 		2.6775 		3.183
v 1.163 		-1.404 		17.661
v -0.0191 		2.6574 		3.1337
v -0.0093 		2.6587 		3.1368
v -0.0291 		2.6545 		3.1265
v 2.819 		-2.498 		12.627
v 1.226 		-1.338 		17.662
v -0.034 		2.653 		3.123
v -5.367 		0.702 		13.097
v -0.042 		2.6496 		3.1147
v -0.037 		2.6518 		3.1199
v 1.268 		-1.263 		17.663
v -0.061 		2.6359 		3.0817
v -1.663 		-1.274 		13.22
v -1.62 		-1.22 		13.184
v -5.241 		0.714 		13.175
v 2.783 		-2.534 		12.715
v 2.718 		-2.355 		12.718
v -5.289 		0.688 		13.175
v 0.887 		-1.184 		18.255
v 0.752 		-1.106 		18.384
v 2.723 		-2.466 		12.733
v 1.006 		-1.126 		18.241
v 2.674 		-2.356 		12.732
v -1.633 		-1.205 		13.117
v -0.0634 		2.6352 		3.0767
v 2.712 		-2.515 		12.721
v 0.996 		-1.205 		18.165
v -0.016 		3.274 		2.722
v -0.034 		3.339 		2.655
v -0.073 		3.251 		2.634
v 2.689 		-2.454 		12.717
v 1.006 		-1.347 		17.952
v 1.539 		-1.622 		12.02
v 1.583 		-1.564 		12.114
v 0.597 		-1.13 		18.403
v -0.027 		3.378 		2.627
v -0.002 		3.429 		2.582
v 1.57 		-1.556 		11.953
v 0.625 		-1.313 		18.194
v 5.683 		0.703 		13.438
v -0.034 		3.251 		2.721
v 1.487 		-1.658 		12.039
v 0.931 		-1.375 		17.95
v 2.699 		-2.56 		12.693
v 5.568 		0.688 		13.487
v -1.764 		-1.335 		13.215
v -1.777 		-1.447 		13.267
v 5.518 		0.711 		13.534
v -1.74 		-1.479 		13.281
v 5.478 		0.657 		13.481
v -0.016 		0.506 		17.323
v -0.054 		0.489 		16.957
v -0.035 		0.504 		17.323
v -0.054 		3.621 		2.067
v -1.616 		-1.31 		13.291
v 5.444 		0.648 		13.477
v -0.024 		3.585 		2.262
v -5.289 		0.716 		13.108
v -1.64 		-1.387 		13.303
v -1.657 		-1.316 		13.269
v -5.323 		0.717 		13.081
v -0.605 		0.462 		16.76
v 5.467 		0.699 		13.5
v 2.576 		-2.342 		12.573
v 5.47 		0.668 		13.481
v -0.471 		0.529 		16.436
v -0.097 		3.337 		2.438
v 2.634 		-2.43 		12.639
v -0.048 		3.413 		2.556
v -0.008 		3.452 		2.55
v -0.011 		3.475 		2.515
v -0.023 		0.494 		16.911
v 0 		-1.2 		18.377
v 0.407 		-1.355 		18.186
v -0.926 		0.407 		16.685
v 2.619 		-2.233 		12.34
v 1.575 		-1.401 		11.726
v 0.428 		-1.429 		18.065
v 1.551 		-1.403 		11.356
v 0 		-1.381 		18.178
v -0.011 		3.501 		2.468
v 2.584 		-2.082 		12.363
v -5.368 		0.632 		13.098
v -1.442 		0.028 		16.622
v -1.373 		0.07 		16.991
v 1.538 		-1.525 		11.389
v 0.509 		-1.621 		17.413
v 0.767 		-1.569 		17.497
v 0.716 		-1.495 		17.802
v 5.367 		0.628 		13.458
v -1.187 		0.3 		16.572
v 2.629 		-2.23 		12.342
v 2.678 		-2.222 		12.395
v 0.484 		-1.581 		17.65
v 5.298 		0.709 		13.46
v -5.301 		0.623 		13.135
v 2.636 		-2.066 		12.492
v 0 		-1.618 		17.623
v -5.275 		0.62 		13.165
v 0.457 		-1.516 		17.866
v -0.043 		3.547 		2.334
v -0.067 		3.511 		2.334
v -0.044 		3.525 		2.381
v -0.064 		-0.123 		18.545
v -0.008 		-0.065 		18.545
v -0.008 		3.567 		2.325
v -0.074 		3.472 		2.383
v 0 		-1.529 		17.906
v 1.487 		-0.567 		17.019
v 5.323 		0.709 		13.48
v 3.064 		-2.46 		12.468
v 3.039 		-2.502 		12.353
v -1.787 		-1.523 		13.228
v 0 		3.567 		2.326
v 5.357 		0.71 		13.499
v -5.608 		0.695 		13.106
v 5.297 		0.662 		13.381
v 5.31 		0.62 		13.424
v 5.331 		0.669 		13.424
v -5.584 		0.69 		13.099
v 1.497 		-1.59 		11.413
v -0.127 		3.251 		2.217
v 1.476 		-0.41 		17.198
v 5.318 		0.699 		13.438
v 5.268 		0.709 		13.428
v 1.361 		-1.633 		11.457
v -0.078 		3.532 		2.225
v -0.121 		3.383 		2.055
v -0.039 		-0.199 		18.545
v -5.55 		0.681 		13.093
v -5.516 		0.703 		13.076
v 0 		-1.631 		11.33
v 1.411 		-0.057 		17.368
v -0.941 		-0.45 		18.545
v 1.456 		-0.085 		17.014
v 5.255 		0.699 		13.33
v -0.952 		-0.08 		18.494
v 1.589 		-0.87 		11.219
v 1.542 		-0.582 		10.597
v -0.893 		-0.1 		18.529
v 1.608 		-0.542 		11.219
v 1.548 		-0.245 		10.567
v -0.803 		-0.081 		18.545
v 1.431 		-0.114 		17.374
v -0.98 		-0.141 		18.508
v -5.434 		0.647 		13.087
v -5.41 		0.675 		13.096
v 5.251 		0.615 		13.338
v -0.1006 		2.8004 		2.7549
v -0.0905 		2.794 		2.8734
v -0.0833 		2.7923 		2.9054
v 1.481 		-0.875 		16.769
v -0.1128 		2.8056 		2.657
v 1.49 		-0.889 		16.521
v -0.942 		-0.359 		18.545
v -0.842 		-0.119 		18.545
v -5.626 		0.72 		13.068
v 2.769 		-2.365 		12.463
v -0.0658 		2.7847 		2.9693
v -0.0446 		2.7786 		3.0206
v -0.963 		-0.793 		18.48
v -0.912 		-0.575 		18.545
v -0.0783 		2.7896 		2.928
v -0.866 		-0.965 		18.445
v -0.773 		-0.981 		18.472
v -0.661 		-0.872 		18.545
v -0.821 		-0.738 		18.545
v -5.46 		0.719 		13.039
v 2.636 		-2.477 		12.44
v 2.64 		-2.528 		12.483
v -0.0186 		2.7684 		3.0596
v -0.0105 		2.7674 		3.0636
v 1.468 		-0.06 		16.724
v 2.604 		-2.416 		12.526
v 1.461 		-0.008 		16.577
v -0.0301 		2.7717 		3.0468
v 1.446 		-1.55 		10.85
v 1.468 		-1.525 		10.84
v -5.49 		0.718 		13.05
v -0.034 		2.7729 		3.0425
v -1.742 		-1.283 		13.156
v -0.0403 		2.7755 		3.0322
v 2.637 		-2.522 		12.541
v 1.481 		-0.101 		16.631
v -0.0997 		2.6159 		2.9409
v -0.1104 		2.602 		2.8346
v -1.831 		-1.415 		13.221
v 1.409 		-1.575 		10.862
v -0.0972 		2.6193 		2.965
v -1.793 		-1.499 		13.244
v -0.0802 		2.6286 		3.0306
v 1.423 		-1.241 		16.965
v -1.833 		-1.47 		13.225
v -1.803 		-1.391 		13.23
v 1.096 		-1.569 		17.155
v 1.392 		-1.406 		16.967
v 1.364 		-1.376 		17.154
v -0.1128 		2.6013 		2.8083
v -0.135 		2.5968 		2.6398
v 2.742 		-2.468 		12.351
v 2.713 		-2.462 		12.339
v -0.1413 		2.5963 		2.5916
v 2.784 		-2.484 		12.398
v -5.52 		0.72 		13.04
v 5.643 		0.702 		13.12
v 1.315 		-1.526 		16.968
v 1.251 		-1.466 		17.332
v 1.337 		-1.539 		10.364
v -0.1321 		2.8016 		2.5105
v -0.1263 		2.8053 		2.5527
v -0.1372 		2.7977 		2.2819
v 5.67 		0.706 		13.136
v 1.438 		-1.309 		10.299
v -0.454 		-0.942 		18.545
v 2.675 		-2.355 		12.341
v 1.432 		-1.418 		10.327
v 2.626 		-2.355 		12.365
v -0.318 		-0.956 		18.545
v -0.1373 		2.7943 		2.2485
v 1.424 		-1.45 		10.335
v 2.645 		-2.356 		12.348
v 1.415 		-1.471 		10.341
v 2.664 		-2.451 		12.365
v -0.1416 		2.594 		2.3843
v -1.073 		-0.546 		18.488
v 1.422 		-1.426 		16.771
v -1.119 		-0.448 		18.471
v 5.744 		0.709 		13.294
v 5.77 		0.715 		13.295
v 1.454 		-1.395 		16.567
v -0.1417 		2.5992 		2.262
v -1.11 		-0.335 		18.479
v 1.435 		-1.49 		16.568
v -0.137 		2.7934 		2.4788
v 5.674 		0.719 		13.098
v -0.137 		2.7932 		2.4782
v -1.1 		-0.211 		18.462
v -0.1384 		2.7824 		2.1324
v 1.294 		-1.621 		16.569
v 1.247 		-1.631 		16.57
v 5.615 		0.72 		13.063
v -1.124 		-0.29 		18.462
v 1.322 		-0.902 		9.622
v 1.454 		-0.896 		10.202
v 5.597 		0.712 		13.081
v 1.334 		-0.856 		9.686
v 5.509 		0.669 		13.089
v 1.34 		-0.798 		9.711
v 1.343 		-0.761 		9.719
v -5.712 		0.709 		13.183
v -5.657 		0.714 		13.107
v 5.54 		0.678 		13.092
v 1.347 		-0.717 		9.733
v -5.652 		0.704 		13.124
v -0.023 		1.899 		3.64
v -0.001 		1.899 		3.649
v 0.802 		-1.604 		17.244
v -0.083 		1.09 		4.056
v 5.622 		0.698 		13.111
v 1.348 		-0.692 		9.734
v -0.098 		1.09 		4.011
v -0.052 		1.899 		3.606
v 1.367 		-0.243 		9.771
v 1.323 		-0.391 		9.632
v 0.017 		-1.675 		16.964
v 0.059 		-1.675 		16.945
v -5.725 		0.718 		13.173
v 0.548 		-1.656 		16.974
v -0.034 		1.899 		3.63
v -1.878 		-1.38 		13.134
v 5.385 		0.693 		13.097
v 5.403 		0.681 		13.096
v 0.093 		-1.676 		16.902
v 0.088 		-1.677 		16.825
v -1.803 		-1.324 		13.156
v -1.828 		-1.359 		13.178
v -0.125 		1.894 		3.345
v -0.172 		1.075 		3.445
v 0.037 		-1.677 		16.776
v 5.447 		0.65 		13.087
v 1.318 		-1.512 		10.151
v 2.986 		-2.591 		12.787
v 5.387 		0.671 		13.103
v -1.09 		-0.072 		18.381
v -1.171 		-0.085 		18.29
v -1.237 		-0.101 		18.193
v 0 		-1.675 		16.966
v 2.847 		-2.624 		12.648
v 2.859 		-2.752 		12.676
v -0.137 		0.818 		3.995
v 0.023 		-3.446 		17.43
v -1.798 		-1.301 		13.114
v 0.044 		-3.048 		17.474
v 0.087 		-3.182 		17.468
v 5.487 		0.662 		13.087
v 0.123 		-3.259 		17.411
v 0.123 		-3.105 		17.411
v -0.406 		0.3662 		3.584
v 1.026 		-1.512 		9.981
v 1.188 		-1.509 		9.957
v 0.15 		-2.276 		16.95
v 5.382 		0.635 		13.094
v 0.094 		-2.274 		17.014
v -1.193 		-0.2 		18.36
v 0.08 		-2.278 		16.937
v -0.148 		0.811 		3.924
v 1.33 		-1.459 		9.937
v 2.777 		-2.726 		12.731
v -0.157 		0.795 		3.864
v 1.311 		-1.476 		9.94
v 2.779 		-2.589 		12.729
v 2.813 		-2.734 		12.727
v 1.295 		-1.487 		9.942
v 2.767 		-2.585 		12.732
v -0.143 		0.815 		3.96
v -1.211 		-0.467 		18.378
v 5.273 		0.658 		13.231
v 1.25 		-1.473 		9.773
v 2.806 		-2.732 		12.73
v -1.185 		-0.394 		18.412
v -1.274 		-0.354 		18.282
v 5.234 		0.713 		13.193
v 0.259 		-2.499 		17.049
v 0.256 		-2.486 		17.049
v 0.241 		-2.474 		17.049
v 0.019 		-2.47 		17.049
v 0.0143 		-2.47 		17.049
v 0.157 		-2.472 		16.952
v -1.89 		-1.435 		13.163
v 5.269 		0.666 		13.297
v 0.117 		-2.471 		17.005
v 0.043 		-2.47 		17.05
v -1.9 		-1.48 		13.113
v 5.245 		0.616 		13.257
v 1.323 		-1.312 		9.632
v -1.934 		-1.423 		13.065
v -0.413 		0.163 		3.331
v -0.3369 		0.3275 		3.072
v 1.292 		-1.397 		9.632
v 1.237 		-1.44 		9.632
v 0.033 		-2.846 		17.374
v -0.415 		0.312 		3.367
v 0.034 		-2.781 		17.311
v 5.217 		0.711 		13.295
v 1.318 		-1.341 		9.632
v 2.794 		-2.729 		12.732
v 0.075 		-2.795 		17.298
v 2.783 		-2.727 		12.732
v -1.803 		-1.274 		12.98
v 5.319 		0.717 		13.084
v 5.34 		0.716 		13.084
v 5.312 		0.675 		13.154
v 1.175 		-1.456 		9.632
v -1.615 		-1.123 		12.871
v -1.756 		-1.24 		12.848
v -0.193 		0.364 		3.495
v -1.276 		-0.409 		18.281
v 0.309 		-1.522 		10.064
v 0.092 		-2.867 		17.35
v 0.017 		-1.456 		9.632
v 0.123 		-2.842 		17.259
v -0.188 		0.328 		3.031
v 0.123 		-2.781 		17.161
v 1.003 		-1.456 		9.632
v -0.256 		0.282 		2.472
v 0.123 		-3.03 		17.391
v -1.799 		-1.28 		13.04
v 0.123 		-2.96 		17.358
v -0.287 		0.251 		2.472
v -1.375 		-0.497 		18.002
v 0.012 		-2.662 		17.065
v 0.092 		-2.721 		17.142
v -1.331 		-0.226 		18.071
v -0.159 		1.831 		2.315
v -0.157 		1.879 		3.002
v 5.262 		0.71 		13.176
v 0.171 		-2.601 		17.049
v -1.201 		-0.96 		18.133
v -1.259 		-1.009 		17.966
v -1.372 		-0.619 		17.956
v -1.322 		-0.634 		18.113
v -1.169 		-0.627 		18.384
v -1.055 		-0.851 		18.391
v 0.158 		-2.579 		17.049
v 5.346 		0.651 		13.122
v 0.964 		0.229 		7.149
v 5.323 		0.64 		13.134
v -1.22 		-0.833 		18.197
v 2.841 		-2.887 		12.723
v 2.868 		-3.037 		12.713
v -1.146 		-0.917 		18.252
v 2.821 		-2.885 		12.732
v 5.356 		0.671 		13.118
v -1.928 		-1.38 		12.929
v 2.986 		-2.932 		12.605
v 2.9 		-2.988 		12.641
v 2.902 		-3.03 		12.644
v -0.109 		1.46 		11.492
v -3.642 		2.737 		3.165
v -3.665 		2.732 		3.172
v -3.642 		2.712 		3.194
v -0.816 		1.49 		11.874
v -1.928 		-1.385 		13.004
v -0.667 		1.403 		11.357
v -1.928 		-1.385 		12.999
v 2.901 		-2.95 		12.624
v -3.642 		2.695 		3.196
v -0.46 		1.55 		11.961
v -1.417 		-0.259 		17.708
v 2.905 		-2.9 		12.553
v -1.388 		-0.125 		17.705
v -3.759 		2.735 		3.131
v -1.314 		-0.021 		17.767
v -1.357 		-0.123 		17.858
v 0.723 		0.56 		6.052
v -1.941 		-1.461 		13.003
v -3.808 		2.728 		3.098
v -1.953 		-1.44 		12.941
v 0.033 		-2.66 		16.974
v -1.336 		1.228 		11.548
v -1.213 		1.393 		12.034
v 0.092 		-2.691 		16.974
v -1.427 		1.122 		11.356
v 0.799 		0.497 		6.052
v 5.268 		0.619 		13.176
v 0.123 		-2.741 		17.012
v 5.338 		0.627 		13.109
v -1.443 		1.241 		12.236
v -3.707 		2.705 		3.185
v -1.136 		1.384 		11.773
v 2.804 		-2.884 		12.731
v -3.731 		2.714 		3.166
v 2.758 		-3.039 		12.666
v -3.785 		2.71 		3.138
v 2.734 		-3.039 		12.598
v 2.73 		-2.872 		12.653
v -3.822 		2.711 		3.094
v 0.157 		-2.279 		16.831
v 0.05 		-2.281 		16.732
v 5.548 		0.72 		13.044
v -1.49 		1.129 		11.851
v 0.001 		0.82 		4.32
v 2.834 		-2.621 		12.421
v 0.009 		-2.281 		16.781
v 0.094 		-2.28 		16.857
v -1.59 		0.75 		11.638
v 0.056 		-2.281 		16.8
v 2.839 		-2.747 		12.387
v -3.642 		2.681 		3.187
v -1.432 		-0.522 		17.706
v -1.394 		-0.674 		17.83
v -1.353 		-0.785 		17.9
v -3.794 		2.686 		3.128
v 2.705 		-2.716 		12.387
v -1.399 		-0.819 		17.671
v -1.37 		-0.948 		17.669
v 5.379 		0.718 		13.055
v 0.058 		-2.471 		16.725
v 0.244 		-2.476 		16.717
v 0.252 		-2.481 		16.717
v 2.78 		-2.729 		12.339
v -3.679 		2.682 		3.183
v 2.758 		-2.724 		12.34
v -1.847 		-1.307 		12.8
v 2.759 		-2.586 		12.342
v -3.777 		2.663 		3.114
v -1.932 		-1.474 		12.83
v 2.804 		-2.577 		12.396
v 0.168 		-2.472 		16.859
v 0.131 		-2.472 		16.775
v -1.951 		-1.432 		12.841
v 0.108 		0.82 		4.144
v 0.259 		-2.499 		16.72
v -1.95 		-1.421 		12.914
v -1.942 		-1.408 		12.835
v -0.772 		-1.09 		18.391
v -0.607 		-1.272 		18.249
v -0.407 		-1.355 		18.186
v -0.55 		-1.142 		18.402
v -0.875 		-1.215 		18.227
v 0.071 		0.82 		4.252
v 2.986 		-2.898 		12.511
v 0.155 		0.413 		4.13
v 2.858 		-2.892 		12.387
v 2.898 		-2.903 		12.483
v -1.609 		0.719 		12.215
v -0.931 		-1.375 		17.95
v -0.438 		-1.46 		18
v -1.741 		-1.539 		13.249
v -1.651 		-1.578 		13.261
v -1.816 		-1.542 		13.106
v 2.986 		-2.935 		12.435
v 0.006 		-2.686 		16.793
v 0.078 		-2.709 		16.825
v -0.856 		-1.482 		17.731
v -1.698 		-1.599 		13.133
v 2.883 		-2.946 		12.424
v -3.642 		2.784 		2.985
v -0.484 		-1.581 		17.65
v 2.877 		-2.986 		12.403
v -3.809 		2.741 		3.071
v 2.986 		-3.007 		12.4
v -1.595 		-1.63 		13.233
v -1.601 		-1.586 		13.305
v 2.883 		-3.059 		12.406
v -3.83 		2.733 		3.054
v -1.579 		-1.652 		13.134
v 0 		1.239 		10.711
v -3.834 		2.753 		2.992
v 2.779 		-2.883 		12.34
v 2.804 		-3.038 		12.338
v -0.795 		1.076 		10.276
v -0.633 		1.263 		10.819
v -1.601 		-1.611 		13.272
v -1.118 		-1.117 		18.125
v 0.123 		-2.797 		16.752
v -1.043 		-1.083 		18.243
v -1.06 		-1.177 		18.137
v 0.171 		-2.601 		16.748
v -1.598 		-1.631 		12.935
v -3.642 		2.63 		3.062
v 2.701 		-2.864 		12.526
v 0.155 		-2.578 		16.741
v -1.064 		-1.315 		17.954
v 2.733 		-3.039 		12.439
v 0.17 		-2.594 		16.746
v -3.826 		2.634 		2.96
v 0.16 		-2.581 		16.742
v 0.165 		-2.585 		16.743
v -1.634 		-1.181 		12.617
v -1.279 		-1.377 		17.459
v -3.8 		2.642 		3.035
v 2.986 		-3.42 		12.822
v 2.986 		-3.335 		12.918
v -1.284 		-1.112 		17.781
v 2.986 		-3.145 		13.015
v 3.025 		-3.286 		13.005
v 0.507 		0.415 		4.262
v -1.377 		-1.115 		17.418
v -1.226 		-1.338 		17.662
v 3.056 		-3.209 		13.066
v 0.543 		0.374 		4.262
v -1.102 		-1.44 		17.66
v -1.07 		-1.501 		17.499
v -1.144 		-1.462 		17.54
v -1.162 		-1.322 		17.814
v 2.846 		-3.176 		12.731
v 0.793 		-1.045 		6.052
v -0.846 		1.227 		10.762
v 2.986 		-3.117 		12.591
v 0.533 		-0.883 		4.262
v 2.904 		-3.176 		12.645
v 2.916 		-3.125 		12.581
v -1.636 		-1.168 		12.781
v -3.755 		2.79 		2.86
v 0.716 		-1.098 		6.052
v -1.058 		1.301 		11.234
v -1.242 		1.087 		10.626
v -1.309 		1.149 		11.065
v -1.143 		1.166 		10.795
v 2.908 		-3.074 		12.63
v -3.828 		2.778 		2.86
v 3.813 		2.712 		3.107
v -1.921 		-1.395 		12.707
v 3.742 		2.727 		3.153
v -1.88 		-1.337 		12.791
v 3.742 		2.694 		3.17
v -1.462 		1.056 		11.227
v 3.835 		2.692 		3.076
v -3.642 		2.603 		2.855
v -3.785 		2.611 		2.823
v -1.923 		-1.472 		12.717
v -1.944 		-1.455 		12.736
v -1.986 		-1.425 		12.706
v -1.163 		1.058 		10.409
v 0.123 		-2.842 		16.688
v -1.94 		-1.434 		12.734
v 3.786 		2.703 		3.141
v -1.96 		-1.441 		12.733
v -1.462 		-0.718 		17.309
v -1.491 		-0.882 		16.495
v -1.442 		-0.859 		17.332
v 0.034 		-3.003 		16.481
v 3.642 		2.711 		3.195
v 0 		1.169 		15.486
v 3.642 		2.697 		3.197
v 0.075 		-2.857 		16.587
v 0.656 		1.092 		15.478
v 0.039 		-2.921 		16.522
v -3.855 		2.715 		3.013
v 3.665 		2.712 		3.191
v -1.459 		-0.098 		17.014
v 0.039 		-2.782 		16.638
v -3.866 		2.719 		2.958
v -3.863 		2.678 		2.974
v -1.445 		-0.05 		17.01
v 3.687 		2.694 		3.189
v 0.09 		-3.015 		16.514
v -1.473 		-0.053 		16.628
v 0.123 		-2.96 		16.589
v -3.85 		2.649 		2.968
v -2.039 		-1.408 		12.591
v 3.642 		2.674 		3.179
v 1.118 		0.43 		16.133
v 3.642 		2.642 		3.102
v 2.782 		-3.176 		12.687
v 1.476 		0.016 		16.241
v -1.798 		-1.301 		12.568
v 1.459 		0.072 		16.133
v -3.844 		2.67 		3.032
v 0.034 		-3.584 		17.311
v 1.366 		0.208 		16.133
v 3.787 		2.678 		3.127
v 1.374 		0.183 		16.241
v -1.821 		-1.313 		12.601
v 0.077 		-3.537 		17.328
v 3.765 		2.686 		3.152
v 1.112 		0.41 		16.241
v 0.123 		-3.583 		17.161
v -3.868 		2.755 		2.825
v -3.861 		2.761 		2.85
v 3.767 		2.658 		3.11
v -0.548 		-1.656 		16.974
v -0.086 		-1.676 		16.916
v 0.123 		-3.404 		17.358
v 1.245 		0.336 		16.133
v 0.123 		-3.468 		17.314
v -3.866 		2.732 		2.937
v -0.034 		-1.675 		16.96
v -0.517 		-1.631 		17.331
v 0.256 		-3.304 		17.049
v 0.258 		-3.298 		17.049
v 0.259 		-3.292 		17.049
v 0.257 		-3.302 		16.937
v 0.259 		-3.292 		16.935
v -0.015 		-1.675 		16.965
v -3.842 		2.636 		2.933
v 2.986 		-3.492 		12.668
v 1.101 		0.491 		16.048
v -3.86 		2.645 		2.906
v 3.032 		-3.54 		12.681
v -1.42 		0.958 		10.574
v -1.316 		1.01 		10.444
v -1.362 		0.96 		10.365
v -0.802 		-1.604 		17.244
v 1.434 		0.265 		15.89
v -3.867 		2.638 		2.821
v -1.867 		-1.5 		12.579
v 2.986 		-3.097 		12.434
v 2.887 		-3.176 		12.406
v 2.832 		-3.176 		12.34
v -0.058 		-1.677 		16.788
v 0.123 		-3.169 		17.026
v -1.613 		-1.186 		12.37
v -1.699 		-1.279 		12.334
v 0.171 		-3.165 		17.029
v 1.499 		0.139 		15.82
v 1.505 		0.242 		15.644
v 1.51 		0.388 		15.392
v 0.18 		-3.311 		17.049
v 0.171 		-3.294 		17.049
v -0.577 		-1.668 		16.575
v 1.412 		0.635 		15.41
v -0.1 		-1.676 		16.863
v -3.839 		2.613 		2.744
v 0.123 		-3.169 		16.923
v -3.852 		2.778 		2.753
v 0.171 		-3.156 		16.922
v 0.171 		-3.126 		16.959
v -3.861 		2.775 		2.664
v -3.862 		2.774 		2.56
v -1.33 		-1.513 		16.968
v 0.123 		-3.127 		16.987
v -1.354 		-1.4 		17.154
v -1.245 		-1.47 		17.332
v 0.171 		-3.13 		16.998
v -3.867 		2.763 		2.77
v 3.852 		2.765 		2.878
v -1.395 		0.912 		10.32
v 3.854 		2.75 		2.942
v 3.856 		2.757 		2.905
v 2.892 		-3.089 		12.423
v -3.872 		2.76 		2.631
v -1.412 		-1.311 		16.966
v -3.874 		2.753 		2.671
v 3.867 		2.746 		2.88
v 0.171 		-3.2 		16.918
v -1.515 		0.804 		10.786
v -1.544 		0.098 		10.589
v 2.986 		-3.138 		12.511
v -1.435 		-1.171 		16.965
v 2.909 		-3.132 		12.479
v 0.171 		-3.22 		17.019
v -2.032 		-1.41 		12.475
v -3.873 		2.65 		2.813
v 3.844 		2.728 		3.031
v 2.76 		-3.176 		12.388
v 1.52 		0.327 		15.388
v -1.45 		0.83 		10.394
v 2.791 		-3.176 		12.346
v -3.862 		2.619 		2.684
v 3.85 		2.714 		3.032
v -1.123 		-1.594 		16.97
v 0.175 		-3.305 		16.938
v -3.864 		2.621 		2.645
v -1.257 		-1.563 		16.968
v 1.419 		0.363 		15.773
v 0.171 		-3.228 		17.011
v 1.144 		0.732 		15.674
v -1.283 		-1.549 		16.968
v 0.192 		-3.316 		16.941
v 1.256 		0.826 		15.429
v 3.864 		2.645 		2.883
v -1.928 		-1.523 		12.471
v -1.422 		-1.426 		16.771
v -1.855 		-1.482 		12.435
v 3.852 		2.643 		2.936
v 0.171 		-3.24 		16.979
v -1.427 		-1.507 		16.568
v 0.252 		-3.309 		16.939
v -1.303 		-1.618 		16.569
v 3.642 		2.773 		3.057
v 3.81 		2.752 		3.038
v 3.832 		2.734 		3.048
v -1.796 		-1.344 		12.374
v -3.642 		2.81 		2.502
v 3.817 		2.768 		2.955
v -1.172 		-1.636 		16.57
v 0.171 		-3.23 		16.941
v 2.739 		-3.176 		12.541
v -3.642 		2.593 		2.479
v -1.822 		-1.379 		12.349
v 3.838 		2.755 		2.975
v 3.837 		2.745 		3.011
v 2.986 		-3.502 		12.477
v 0.123 		-3.238 		16.96
v 3.056 		-3.544 		12.349
v -1.857 		-1.453 		12.371
v -1.843 		-1.413 		12.343
v 1.612 		-0.032 		13.416
v -0.122 		-3.182 		17.418
v -0.122 		-3.105 		17.411
v -0.008 		0.807 		9.229
v -0.09 		-3.015 		17.434
v -0.082 		-3.391 		17.424
v 0 		0.813 		9.317
v -3.846 		2.782 		2.341
v -0.072 		-3.27 		17.47
v 1.568 		-1.691 		13.974
v 1.485 		-1.734 		13.974
v -0.032 		-3.092 		17.488
v 3.769 		2.627 		2.99
v -1.817 		-1.505 		12.404
v 0.009 		-3.637 		17.236
v -0.038 		-2.921 		17.426
v 1.587 		-1.617 		13.974
v -3.851 		2.612 		2.453
v -0.022 		-3.274 		17.493
v 0.039 		-3.673 		17.152
v -0.027 		-3.003 		17.467
v 0.079 		-3.676 		17.061
v 3.642 		2.801 		2.822
v -3.856 		2.613 		2.554
v -2.041 		-1.536 		12.359
v -1.932 		-1.462 		12.346
v -3.885 		2.663 		2.194
v -0.115 		-2.275 		16.996
v -0.16 		-2.276 		16.923
v -3.824 		2.779 		2.109
v 0.123 		-3.627 		16.974
v 3.837 		2.624 		2.846
v -0.043 		-2.274 		17.04
v -3.836 		2.612 		2.267
v -1.937 		-1.458 		12.343
v 3.84 		2.788 		2.616
v 3.859 		2.779 		2.653
v -0.069 		-2.277 		16.95
v -1.957 		-1.441 		12.346
v 3.862 		2.776 		2.592
v 3.875 		2.753 		2.634
v -1.951 		-1.445 		12.343
v 0.865 		0.543 		16.133
v -0.379 		0.947 		9.924
v 3.876 		2.658 		2.763
v 0.079 		-3.566 		16.651
v 0.64 		0.702 		15.965
v -1.946 		-1.45 		12.342
v -0.03 		3.666 		1.908
v -0.131 		3.216 		1.746
v 3.851 		2.611 		2.562
v -0.704 		0.838 		9.632
v 1.607 		-1.443 		13.331
v -0.107 		3.368 		1.315
v -0.613 		0.948 		9.924
v 0.592 		0.605 		16.133
v 0.694 		0.524 		16.359
v 3.642 		2.601 		2.813
v 1.615 		-1.376 		13.315
v -0.122 		3.358 		1.765
v -1.475 		-1.698 		12.683
v 0.023 		-3.318 		16.468
v 0.017 		-3.521 		16.57
v 3.784 		2.8 		2.609
v 0.055 		-3.441 		16.526
v -2.012 		-1.553 		12.659
v -0.079 		3.632 		1.803
v 0 		0.915 		9.847
v -0.059 		3.688 		1.423
v -1.988 		-1.559 		12.513
v -1.357 		0.854 		10.026
v -0.021 		3.698 		1.605
v 0.039 		-3.092 		16.46
v 0.075 		-3.182 		16.468
v -0.099 		3.582 		1.651
v -1.126 		0.968 		10.075
v -0.107 		3.532 		1.781
v 1.597 		-1.469 		13.358
v -1.281 		0.927 		10.068
v 0 		0.73 		16.011
v 0.123 		-3.105 		16.536
v 0.314 		0.577 		16.298
v -1.709 		-1.545 		12.35
v 0.123 		-3.259 		16.536
v 0.123 		-3.334 		16.556
v 1.6 		-1.368 		13.349
v 0.62 		0.565 		16.241
v 3.85 		2.784 		2.502
v 3.862 		2.774 		2.451
v 0 		0.645 		16.163
v -1.546 		-1.665 		12.666
v 0 		0.888 		15.803
v 1.594 		-1.573 		13.338
v 0.069 		-3.659 		16.8
v 0.805 		0.79 		15.8
v 0.017 		-3.701 		16.882
v 0.075 		-3.62 		16.721
v 3.865 		2.772 		2.527
v 0.075 		-3.68 		16.886
v 1.013 		0.983 		15.452
v -0.048 		3.673 		1.794
v 0.123 		-3.61 		16.859
v 3.877 		2.642 		2.537
v -1.406 		0.765 		10.068
v 11.813 		1.121 		14.341
v 3.857 		2.616 		2.424
v -0.0968 		2.7308 		1.2675
v -0.1255 		2.7699 		1.7064
v 11.851 		1.036 		14.593
v -0.0883 		2.7216 		1.1634
v -0.1399 		2.7769 		1.9264
v -0.1397 		2.7778 		1.9553
v 11.874 		1.055 		14.515
v -0.143 		2.609 		2.0331
v -0.1432 		2.6119 		1.9942
v -0.1133 		2.6462 		1.5298
v 3.751 		2.597 		2.553
v -0.1014 		2.6637 		1.3457
v -0.0826 		2.6868 		1.1019
v 1.157 		1.326 		14.777
v -1.162 		0.871 		9.769
v 3.831 		2.792 		2.52
v 11.454 		1.043 		14.734
v -1.227 		0.887 		9.859
v 11.454 		1.094 		14.613
v -1.309 		0.799 		9.752
v -1.362 		0.78 		9.897
v 11.454 		1.16 		14.361
v -1.373 		0.661 		9.879
v 1.619 		-1.225 		13.193
v -0.057 		3.306 		0.598
v 1.755 		-1.267 		13.098
v -0.062 		3.658 		0.973
v 3.642 		2.595 		2.282
v 1.606 		-1.234 		13.253
v -0.033 		3.696 		0.587
v 1.297 		1.213 		14.758
v 11.624 		1.06 		14.674
v 1.171 		1.071 		15.188
v -0.034 		3.685 		0.529
v 1.375 		1.041 		14.892
v -0.259 		-2.499 		17.049
v -0.246 		-2.477 		17.049
v -0.157 		-2.472 		16.952
v 11.697 		1.056 		14.657
v 11.76 		1.046 		14.643
v 3.881 		2.742 		2.127
v 3.884 		2.732 		2.191
v -0.081 		3.523 		1.017
v 3.872 		2.633 		2.264
v 0.332 		1.32 		15.259
v 0.427 		1.607 		14.682
v 0 		1.504 		14.999
v -0.019 		-2.47 		17.049
v 0 		1.721 		14.351
v 0 		1.61 		14.758
v -0.043 		-2.47 		17.047
v -0.119 		-2.471 		17.007
v -0.03 		3.702 		0.632
v -0.026 		3.707 		0.672
v -2.06 		-1.526 		12.732
v -0.122 		-2.96 		17.358
v -0.122 		-2.781 		17.161
v -0.079 		-2.775 		17.259
v 11.852 		0.877 		14.682
v 11.925 		0.919 		14.617
v 11.914 		0.948 		14.627
v -2.143 		-1.475 		12.626
v -0.074 		-2.857 		17.361
v -2.191 		-1.509 		12.633
v -0.011 		-2.686 		17.154
v -1.273 		0.892 		9.931
v 11.853 		0.927 		14.709
v 11.852 		0.844 		14.624
v -0.019 		-2.728 		17.236
v 0.518 		1.694 		14.342
v 11.788 		0.971 		14.738
v -2.147 		-1.534 		12.726
v -0.033 		-2.845 		17.375
v -2.102 		-1.492 		12.712
v -0.024 		3.681 		0.338
v 0.685 		1.648 		14.421
v -2.117 		-1.485 		12.687
v -0.017 		3.702 		0.316
v 0.679 		1.571 		14.668
v 11.865 		0.971 		14.672
v -0.016 		3.703 		0.324
v 11.878 		0.997 		14.631
v 0.836 		1.394 		14.954
v 0.827 		1.232 		15.224
v 1.015 		1.533 		14.484
v 11.966 		0.897 		14.533
v 1.003 		1.408 		14.793
v 1.807 		-1.48 		13.243
v 11.946 		0.934 		14.581
v -0.013 		3.705 		0.348
v -0.011 		3.706 		0.359
v 11.951 		0.851 		14.486
v 11.984 		0.899 		14.493
v 1.819 		-1.453 		13.24
v 11.964 		1.009 		14.47
v 0.986 		1.174 		15.209
v -1.464 		0.09 		10.139
v -1.379 		0.081 		9.818
v 12.035 		0.899 		14.344
v 1.853 		-1.43 		13.208
v 11.82 		0.824 		14.575
v -0.148 		-2.576 		17.049
v -0.169 		-2.592 		17.049
v -0.171 		-2.601 		17.049
v 0.0095 		2.6585 		3.1364
v 0.0384 		2.6499 		3.1155
v 0.0343 		2.6522 		3.121
v 0.0334 		2.6527 		3.1223
v -0.165 		-2.585 		17.049
v -2.166 		-1.52 		12.391
v 0.0606 		2.6361 		3.0823
v 1.805 		-1.329 		13.162
v -0.159 		-2.58 		17.049
v -2.072 		-1.511 		12.343
v -2.066 		-1.517 		12.341
v -0.153 		-2.577 		17.049
v 1.798 		-1.299 		13.107
v 11.733 		0.943 		14.79
v -0.006 		3.701 		0.083
v -1.136 		0.838 		9.632
v -2.061 		-1.521 		12.342
v 11.699 		0.906 		14.807
v 1.828 		-1.358 		13.178
v 11.663 		1.001 		14.772
v -2.144 		-1.534 		12.354
v 1.86 		-1.375 		13.158
v -0.006 		3.706 		0.127
v 11.766 		0.918 		14.776
v -2.224 		-1.557 		12.684
v -1.241 		0.819 		9.632
v -2.267 		-1.612 		12.703
v 0.018 		3.274 		2.721
v 0.001 		3.317 		2.697
v 1.891 		-1.383 		13.113
v 11.625 		0.912 		14.831
v 0.011 		3.391 		2.622
v -0.001 		3.708 		0.013
v -0.002 		3.708 		0.02
v -1.309 		0.75 		9.632
v 0.016 		3.339 		2.673
v -0.001 		3.708 		0.019
v -0.002 		3.708 		0.032
v -0.001 		3.708 		0.033
v -2.196 		-1.58 		12.732
v -0.001 		3.708 		0.034
v -0.002 		3.707 		0.022
v -0.002 		3.707 		0.023
v 0.074 		3.251 		2.629
v 1.535 		0.692 		14.783
v 1.933 		-1.42 		13.065
v -0.002 		3.706 		0.029
v 1.878 		-1.462 		13.174
v -0.012 		0.819 		8.43
v 0 		0.819 		8.858
v 1.915 		-1.444 		13.114
v -2.297 		-1.688 		12.735
v 1.301 		0.958 		15.172
v 0 		0.818 		8.994
v 0 		0.817 		9.131
v -0.003 		3.707 		0.048
v -2.236 		-1.643 		12.735
v 11.625 		0.976 		14.808
v 11.585 		0.993 		14.799
v -2.291 		-1.694 		12.736
v 11.543 		1.008 		14.784
v -0.002 		3.707 		0.042
v -2.174 		-1.603 		12.73
v -0.002 		3.707 		0.032
v -2.287 		-1.699 		12.734
v -0.001 		3.708 		0.045
v 11.585 		0.935 		14.838
v 0.01 		3.624 		2.14
v 0.044 		3.584 		2.226
v 1.638 		-1.518 		13.305
v 1.678 		-1.471 		13.301
v 0.034 		3.474 		2.491
v 0.042 		3.445 		2.523
v 0.036 		3.501 		2.441
v -2.248 		-1.542 		12.605
v -1.624 		-0.303 		11.358
v 1.634 		-1.486 		13.31
v 1.656 		-1.417 		13.304
v -2.227 		-1.749 		12.555
v 1.63 		-1.395 		13.309
v -0.049 		-2.664 		16.974
v -0.003 		3.706 		0.052
v 0.009 		3.535 		2.397
v 1.724 		-1.462 		13.29
v 11.544 		0.861 		14.805
v 11.663 		0.893 		14.812
v 1.457 		1.365 		13.974
v 1.217 		1.59 		13.974
v 1.362 		1.48 		13.974
v 1.669 		-1.346 		13.282
v -0.019 		3.519 		0.214
v -0.039 		3.489 		0.425
v 1.609 		-1.327 		13.31
v -1.624 		-0.884 		11.955
v 0.053 		3.4 		2.547
v 1.563 		1.089 		13.974
v 1.574 		1.028 		13.884
v 11.681 		0.85 		14.758
v 11.625 		0.848 		14.772
v -1.642 		-0.392 		11.894
v 1.068 		1.614 		14.149
v 1.276 		1.449 		14.274
v 1.616 		-1.305 		13.288
v 0.104 		3.251 		2.473
v 0.089 		3.444 		2.345
v 11.749 		0.855 		14.732
v -0.0724 		2.701 		0.97
v 1.461 		1.217 		14.291
v -0.191 		0.249 		2.018
v -0.149 		0.1 		1.564
v -0.148 		0.196 		1.564
v -1.721 		-1.438 		12.037
v -1.76 		-1.453 		12.117
v -1.761 		-1.445 		12.117
v 11.697 		0.814 		14.651
v 11.543 		0.799 		14.649
v -0.214 		0.233 		2.018
v -1.791 		-1.426 		12.196
v -1.619 		-1.287 		12.117
v -2.172 		-1.693 		12.555
v 1.479 		1.302 		13.407
v -1.655 		-1.33 		12.072
v 1.392 		1.422 		13.423
v -2.423 		-1.789 		12.701
v 1.181 		1.585 		13.452
v -1.735 		-1.42 		12.074
v 1.56 		1.115 		13.557
v 11.454 		0.814 		14.716
v -2.451 		-1.765 		12.57
v -0.075 		0.162 		1.082
v -0.113 		0.183 		1.337
v 11.454 		0.885 		14.832
v -0.064 		0.168 		1.025
v 0.119 		3.368 		2.149
v 11.454 		0.913 		14.845
v 0.049 		3.556 		2.291
v 11.454 		0.972 		14.824
v 11.5 		0.947 		14.84
v 0.101 		3.518 		2.062
v 0.651 		1.739 		13.974
v 0.508 		1.748 		13.513
v 0 		1.766 		13.942
v 0.924 		1.698 		13.974
v 0.132 		3.227 		2.096
v 0 		1.768 		13.53
v -2.4 		-1.808 		12.732
v -0.075 		0.922 		1.223
v -0.072 		0.196 		1.321
v -2.397 		-1.811 		12.734
v -2.387 		-1.822 		12.734
v -0.157 		-2.278 		16.838
v -2.391 		-1.818 		12.735
v -0.076 		-2.281 		16.735
v 11.454 		0.765 		14.435
v -0.069 		-2.281 		16.811
v -0.097 		-2.279 		16.874
v -0.028 		0.145 		0.77
v 11.756 		0.78 		14.351
v -0.036 		0.147 		0.827
v -2.382 		-1.827 		12.731
v -0.063 		0.132 		0.997
v 1.572 		0.692 		14.272
v -0.259 		-2.499 		16.72
v -0.246 		-2.477 		16.717
v -0.029 		-2.47 		16.717
v -2.337 		-1.813 		12.7
v 1.58 		0.832 		14.097
v -1.825 		-1.455 		12.276
v 1.544 		0.993 		14.281
v 0.1111 		2.8007 		2.7531
v -0.052 		0.163 		0.94
v 0.0902 		2.7955 		2.8493
v -0.165 		-2.472 		16.847
v 0.0805 		2.7927 		2.9017
v -0.047 		0.167 		0.94
v -0.036 		0.16 		0.852
v 0.1181 		2.8051 		2.6711
v 0.1183 		2.8053 		2.6672
v 1.578 		0.864 		14.106
v -0.025 		0.154 		0.77
v -2.489 		-1.949 		12.733
v -1.591 		-1.324 		11.906
v -2.538 		-2.015 		12.728
v -1.67 		-1.465 		11.956
v -1.66 		-1.402 		11.952
v -0.098 		-2.471 		16.746
v -1.677 		-1.443 		11.958
v 11.454 		1.222 		13.882
v 0.0702 		2.7858 		2.9597
v 0.0408 		2.7784 		3.0214
v 1.576 		0.911 		14.088
v 1.614 		-1.15 		13.001
v -2.479 		-1.957 		12.734
v 11.729 		1.188 		13.88
v 1.637 		-1.172 		12.935
v -0.011 		0.145 		0.657
v -0.012 		0.1 		0.666
v 11.983 		1.052 		14.318
v 1.591 		0.722 		13.83
v 0.011 		2.7676 		3.0628
v 0.0304 		2.7723 		3.045
v 0.0343 		2.7744 		3.0367
v 11.96 		1.1 		14.167
v -0.018 		0.15 		0.712
v -1.699 		-1.482 		12.03
v -0.024 		0.152 		0.756
v 0.1141 		2.6072 		2.8734
v -2.462 		-1.97 		12.723
v -2.472 		-1.963 		12.731
v 0.0992 		2.6151 		2.9341
v 1.924 		-1.385 		13.021
v -1.664 		-1.491 		11.986
v 0.1181 		2.602 		2.8333
v 12.018 		1.062 		14.161
v 1.951 		-1.427 		12.981
v 1.929 		-1.381 		12.935
v 0.085 		2.6233 		2.9916
v 12.072 		1.086 		13.343
v 1.897 		-1.5 		13.046
v 0.069 		2.634 		3.0676
v -2.444 		-1.981 		12.695
v 11.99 		1.129 		13.612
v 11.943 		1.145 		13.362
v 12.026 		1.114 		13.459
v 0.1246 		2.6001 		2.7623
v 1.584 		0.774 		14.02
v 0.1308 		2.5971 		2.652
v -1.585 		-1.444 		11.819
v -1.617 		-1.472 		11.877
v -0.122 		-2.765 		16.822
v 1.581 		0.809 		14.078
v -1.573 		-1.504 		11.832
v 12.057 		1.079 		13.82
v -0.072 		-2.686 		16.886
v -3.642 		2.795 		2.025
v 1.576 		0.951 		14.047
v 0.146 		2.5947 		2.4356
v 0.1444 		2.594 		2.3766
v -3.642 		2.622 		1.803
v 1.943 		-1.456 		13.013
v 0.1314 		2.597 		2.6399
v -1.628 		-1.439 		11.88
v -3.88 		2.738 		1.788
v 0.1359 		2.608 		2.0514
v 1.94 		-1.446 		13.047
v 0.1359 		2.608 		2.051
v 1.587 		0.227 		13.974
v -1.58 		-1.509 		11.871
v 0.1415 		2.7953 		2.3279
v 0.1399 		2.7967 		2.2645
v 0.1249 		2.8049 		2.5563
v 0.1283 		2.8009 		2.5111
v -3.876 		2.646 		2.046
v 0.1227 		2.8051 		2.5868
v 12.037 		0.829 		14.13
v 12.056 		0.862 		14.196
v -3.814 		2.643 		1.694
v 0.1313 		2.7919 		2.4764
v 12.057 		0.958 		14.25
v -1.575 		-1.546 		11.948
v 1.267 		1.479 		12.883
v 1.124 		1.562 		12.915
v 1.463 		1.309 		13.12
v 0.1348 		2.7792 		2.0635
v 0.1358 		2.7802 		2.1035
v 1.533 		1.173 		12.943
v 1.817 		-1.281 		12.88
v 1.452 		1.298 		12.828
v -3.868 		2.727 		1.34
v -1.524 		-1.633 		12.026
v -1.575 		-1.573 		12.099
v 0.173 		1.075 		3.44
v 0.138 		1.087 		3.819
v 12.041 		0.82 		14.014
v -3.886 		2.674 		1.496
v 12.071 		0.831 		13.956
v 12.078 		0.843 		13.986
v -1.564 		-1.509 		11.718
v -3.885 		2.673 		1.476
v -1.574 		-1.384 		11.694
v 12.08 		0.86 		14.042
v 0.052 		1.899 		3.609
v 0.063 		1.899 		3.59
v 12.094 		0.945 		14.021
v -2.415 		-1.997 		12.611
v -1.538 		-1.525 		11.389
v 12.075 		1.005 		14.07
v -1.429 		-1.627 		11.437
v 12.094 		0.846 		13.869
v -2.3 		-1.585 		12.513
v 12.099 		0.865 		13.903
v 0.147 		0.817 		3.938
v 0.151 		0.815 		3.908
v -1.548 		-0.245 		10.567
v -1.613 		-0.42 		11.219
v -1.527 		-0.922 		10.665
v -3.89 		2.716 		1.208
v -2.125 		-1.635 		12.436
v -3.893 		2.69 		1.235
v 0.155 		0.812 		3.877
v 12.091 		1.01 		13.934
v 0.165 		0.794 		3.789
v -3.873 		2.683 		1.217
v -2.268 		-1.657 		12.346
v -2.208 		-1.566 		12.371
v -2.271 		-1.708 		12.348
v -1.384 		-1.51 		10.352
v 0.185 		0.381 		3.716
v -1.545 		-1.248 		11.112
v -1.479 		-1.505 		10.834
v -1.432 		-1.421 		10.328
v -3.894 		2.694 		1.091
v 12.085 		0.829 		13.795
v 12.115 		0.872 		13.716
v 12.106 		0.866 		13.82
v -1.304 		-1.548 		10.372
v 12.098 		0.841 		13.771
v 0.382 		0.349 		3.367
v -2.986 		-2.891 		12.067
v -2.986 		-2.736 		12.139
v -3.892 		2.71 		1.079
v -2.986 		-2.616 		12.259
v -3.893 		2.708 		1.066
v -3.056 		-3.018 		11.981
v -3.056 		-2.874 		12.003
v -3.056 		-2.738 		12.056
v -3.06 		-2.56 		12.22
v -3.893 		2.706 		1.027
v -2.317 		-1.772 		12.353
v 12.106 		1.009 		13.723
v -3.895 		2.706 		1.043
v -3.895 		2.705 		1.025
v -3.895 		2.705 		1.029
v 12.113 		0.856 		13.667
v 0.162 		1.868 		2.826
v -2.399 		-1.7 		12.506
v 12.121 		0.959 		13.601
v 12.121 		0.883 		13.593
v 12.08 		0.82 		13.592
v -2.986 		-3.3 		12.139
v -2.986 		-3.104 		12.056
v 0.288 		0.248 		2.472
v -2.986 		-3.42 		12.259
v 12.073 		0.818 		13.65
v -3.033 		-3.487 		12.27
v 1.121 		1.487 		12.352
v 0.163 		0.285 		2.472
v 12.107 		0.846 		13.691
v 0.283 		0.261 		2.472
v 0.273 		0.274 		2.472
v 12.114 		0.854 		13.617
v 1.507 		1.158 		12.292
v -3.064 		-3.3 		12.053
v -3.056 		-3.209 		12.015
v 1.251 		1.455 		12.601
v 0.187 		0.323 		2.969
v -3.892 		2.694 		1.073
v -3.893 		2.694 		1.086
v -3.886 		2.695 		1.037
v -3.164 		-2.502 		12.243
v -0.171 		-2.601 		16.748
v -0.171 		-2.597 		16.747
v -3.241 		-2.507 		12.246
v 0.478 		1.643 		12.5
v 1.946 		-1.416 		12.838
v -0.169 		-2.592 		16.745
v -3.311 		-2.534 		12.261
v 11.78 		0.772 		13.813
v -0.164 		-2.583 		16.743
v 0.748 		1.675 		12.984
v 1.916 		-1.367 		12.853
v 1.001 		1.611 		12.94
v -0.159 		-2.58 		16.742
v -0.148 		-2.576 		16.741
v 12.107 		0.835 		13.399
v 12.108 		0.835 		13.313
v 0.494 		1.71 		13.02
v 1.908 		-1.361 		12.831
v 12.121 		0.86 		13.317
v 12.104 		0.832 		13.458
v -3.203 		-2.561 		12.158
v 1.637 		0.063 		12.728
v -3.241 		-2.639 		12.089
v -3.307 		-2.697 		12.083
v 1.623 		0.52 		12.738
v 1.626 		0.469 		12.63
v 1.614 		0.693 		12.896
v 12.124 		0.875 		13.433
v 1.627 		0.416 		12.701
v 1.702 		-1.558 		13.259
v -3.38 		-2.671 		12.194
v -3.356 		-2.565 		12.279
v -2.276 		-1.809 		12.527
v -0.059 		-2.738 		16.717
v -2.55 		-1.909 		12.534
v -3.38 		-3.018 		12.048
v 12.096 		0.827 		13.417
v -2.328 		-1.866 		12.456
v 1.611 		-1.557 		13.308
v -3.155 		-2.915 		11.956
v 1.613 		-1.599 		13.273
v 1.6 		-1.596 		13.298
v 12.086 		0.822 		13.537
v 1.606 		-1.571 		13.306
v 1.63 		0.386 		12.58
v -3.193 		-2.72 		12.025
v 0.143 		0.27 		2.164
v -3.212 		-3.018 		11.947
v -3.842 		2.686 		1.123
v -3.311 		-2.921 		11.99
v -3.241 		-2.816 		11.987
v -3.884 		2.687 		1.15
v -0.122 		-2.928 		16.611
v -0.122 		-3.03 		16.556
v -0.074 		-2.857 		16.587
v -3.311 		-3.018 		11.981
v 3.702 		2.614 		1.964
v -0.032 		-2.921 		16.521
v -3.311 		-2.827 		12.015
v 3.873 		2.75 		2.024
v 3.866 		2.752 		1.948
v -3.666 		2.701 		0.97
v 1.597 		-1.61 		13.289
v -0.011 		-2.778 		16.634
v 1.587 		-1.636 		13.263
v 1.606 		0.688 		13.308
v 1.658 		-1.576 		13.266
v -3.277 		-3.307 		12.041
v 12.115 		1.016 		13.492
v 1.64 		-1.594 		13.257
v 1.496 		-0.877 		16.348
v -3.38 		-3.265 		12.114
v 3.866 		2.746 		1.809
v -3.38 		-3.187 		12.078
v -0.122 		-3.404 		17.358
v 11.972 		0.797 		13.548
v -0.054 		-3.578 		17.306
v 3.777 		2.784 		2.036
v -3.099 		-3.462 		12.168
v -0.053 		-3.513 		17.368
v -3.896 		2.704 		1.016
v -3.896 		2.704 		1.008
v -3.896 		2.703 		1.002
v -3.896 		2.703 		0.985
v 1.637 		-1.615 		13.201
v -3.126 		-3.529 		12.246
v 12.016 		0.807 		13.383
v -3.896 		2.703 		0.999
v -3.126 		-3.397 		12.089
v -3.896 		2.702 		0.983
v -3.896 		2.701 		0.97
v -3.896 		2.701 		0.973
v -3.896 		2.702 		0.98
v -3.896 		2.699 		0.995
v -3.896 		2.699 		0.998
v -3.896 		2.699 		0.999
v -3.896 		2.699 		1.004
v -3.896 		2.7 		0.988
v -3.896 		2.7 		0.992
v -3.183 		-3.536 		12.242
v -3.896 		2.701 		0.995
v -3.896 		2.7 		0.981
v -3.212 		-3.4 		12.086
v -3.896 		2.7 		0.983
v -3.894 		2.704 		1.004
v 3.861 		2.642 		1.89
v -3.895 		2.704 		1.003
v 1.499 		-0.449 		16.214
v -0.171 		-3.168 		17.03
v -3.895 		2.703 		0.994
v -3.277 		-3.461 		12.17
v -0.24 		-3.316 		17.049
v -3.895 		2.704 		1.008
v -0.188 		-3.315 		17.049
v 11.454 		1.202 		12.835
v 1.586 		-1.644 		13.191
v -3.895 		2.704 		1.015
v -3.38 		-3.396 		12.224
v -0.171 		-3.296 		17.049
v 11.56 		1.193 		12.859
v -0.174 		-3.304 		17.049
v -3.203 		-3.122 		11.954
v -3.895 		2.704 		1.007
v -3.895 		2.703 		0.997
v -3.126 		-3.22 		11.987
v 3.838 		2.751 		1.713
v -3.895 		2.703 		0.998
v -3.203 		-3.222 		11.981
v -0.122 		-3.142 		16.938
v 12.101 		1.043 		13.073
v -0.122 		-3.13 		16.993
v 1.573 		-1.657 		13.057
v 11.782 		1.181 		13.311
v 1.774 		-1.558 		13.164
v -3.895 		2.703 		0.986
v 3.892 		2.704 		1.604
v 3.89 		2.722 		1.559
v 1.692 		-1.594 		13.175
v 11.854 		1.163 		13.231
v -0.171 		-3.127 		16.959
v -0.171 		-3.165 		16.918
v -1.328 		-0.875 		9.656
v 11.954 		1.127 		12.986
v -1.463 		-0.569 		10.146
v -3.895 		2.703 		0.984
v -1.379 		-0.556 		9.822
v -1.344 		-0.751 		9.723
v -0.171 		-3.13 		16.998
v -0.171 		-3.149 		17.022
v -1.367 		-0.243 		9.771
v 12.06 		1.052 		12.44
v -2.41 		-1.794 		12.369
v -2.355 		-1.843 		12.368
v 12.092 		1.03 		12.663
v -3.896 		2.699 		1.009
v 3.849 		2.733 		1.423
v -3.896 		2.699 		1.007
v 1.494 		-0.026 		16.133
v 3.88 		2.729 		1.441
v -2.378 		-1.823 		12.341
v -2.369 		-1.832 		12.348
v 12.019 		1.081 		12.574
v -2.478 		-1.952 		12.342
v -3.895 		2.698 		1.012
v -0.67 		-1.456 		9.632
v -3.895 		2.699 		1.014
v -0.017 		-1.456 		9.632
v -0.171 		-3.188 		16.915
v -3.895 		2.698 		1.004
v -3.895 		2.699 		1.005
v -3.895 		2.699 		0.997
v 12.112 		0.839 		13.267
v 12.124 		0.97 		13.292
v -3.895 		2.699 		1.006
v 12.121 		0.856 		13.208
v -1.253 		-1.43 		9.632
v -3.895 		2.699 		1.013
v 1.497 		-1.494 		16.133
v -1.14 		-1.456 		9.632
v 1.783 		-1.563 		12.98
v -0.122 		-3.223 		17.014
v 12.115 		0.846 		13.081
v -3.895 		2.699 		0.995
v 3.891 		2.72 		1.388
v -1.231 		-1.478 		9.775
v -1.292 		-1.396 		9.632
v 1.32 		-1.676 		16.133
v -1.351 		-1.43 		9.932
v 12.107 		0.838 		13.245
v -3.895 		2.699 		0.991
v -3.895 		2.699 		0.99
v 1.368 		-1.662 		16.133
v 1.457 		-1.594 		16.133
v 3.885 		2.673 		1.476
v -1.28 		-1.492 		9.944
v -1.323 		-1.312 		9.632
v -0.122 		-3.207 		16.922
v -1.37 		-1.346 		9.92
v -2.564 		-1.998 		12.408
v 12.115 		0.857 		12.878
v -1.107 		-1.51 		9.969
v -3.895 		2.7 		0.987
v 12.091 		0.837 		12.813
v -0.017 		-0.974 		2.448
v -2.986 		-2.736 		12.943
v -2.986 		-2.891 		13.015
v 1.498 		-1.651 		15.111
v -2.986 		-2.616 		12.822
v -2.986 		-3.061 		13.03
v -0.017 		-0.741 		2.472
v 12.065 		0.825 		12.977
v -3.056 		-2.658 		12.969
v -0.238 		-0.741 		2.472
v 1.485 		-1.664 		15.111
v -0.276 		-0.719 		2.472
v -0.171 		-3.231 		17.007
v -3.056 		-2.827 		13.066
v 3.642 		2.743 		1.365
v 1.178 		-1.718 		13.008
v 1.207 		-1.72 		13.086
v -0.171 		-3.239 		16.989
v -0.111 		-0.342 		1.451
v -0.067 		-0.183 		1.054
v -2.475 		-2.128 		12.484
v -0.079 		-0.189 		1.111
v -2.52 		-2.112 		12.361
v 11.454 		0.764 		13.208
v 3.841 		2.726 		1.272
v 1.617 		-1.136 		12.697
v 1.728 		-1.248 		12.583
v -0.126 		-0.331 		1.451
v 3.892 		2.715 		1.231
v -0.171 		-3.241 		16.974
v 12.104 		0.847 		12.743
v 1.623 		-1.158 		12.699
v 12.11 		0.861 		12.728
v 12.103 		0.867 		12.564
v -0.171 		-3.24 		16.964
v -0.189 		-3.316 		16.941
v -0.049 		-0.155 		0.969
v -0.174 		-3.304 		16.938
v -0.178 		-3.309 		16.939
v 12.099 		0.845 		12.696
v 3.892 		2.691 		1.233
v 12.094 		0.844 		12.647
v -0.058 		-0.161 		0.997
v -0.046 		-0.117 		0.898
v 3.888 		2.709 		1.05
v -2.675 		-2.223 		12.701
v -2.594 		-2.081 		12.712
v -2.69 		-2.221 		12.675
v 1.847 		-1.308 		12.799
v -2.573 		-2.09 		12.732
v 12.093 		0.961 		12.324
v -2.65 		-2.227 		12.727
v -2.585 		-2.085 		12.723
v -7.98 		1.095 		11.704
v -0.033 		-0.106 		0.841
v -0.04 		-0.094 		0.855
v 12.076 		0.843 		12.503
v 1.854 		-1.314 		12.792
v 12.09 		0.853 		12.4
v -0.041 		-0.119 		0.884
v 12.081 		0.852 		12.316
v -0.239 		-3.316 		16.941
v -0.036 		-0.087 		0.827
v -2.567 		-2.093 		12.734
v -0.026 		-0.072 		0.768
v 11.86 		0.825 		12.525
v 1.921 		-1.395 		12.707
v -0.03 		-0.095 		0.813
v -2.768 		-2.473 		12.713
v -2.718 		-2.354 		12.718
v -0.255 		-3.306 		16.938
v 1.897 		-1.37 		12.682
v -2.647 		-2.477 		12.639
v -0.015 		-0.049 		0.695
v -11.454 		1.094 		14.613
v -0.017 		-0.049 		0.695
v -2.67 		-2.356 		12.731
v -0.017 		-0.053 		0.706
v -2.7 		-2.56 		12.695
v -2.629 		-2.354 		12.694
v -0.259 		-3.292 		16.935
v -0.259 		-3.292 		17.049
v -11.619 		1.14 		14.407
v -11.693 		1.119 		14.455
v 3.894 		2.708 		1.067
v 3.895 		2.707 		1.071
v -2.748 		-2.467 		12.728
v -11.894 		1.086 		14.384
v -11.675 		1.057 		14.66
v 3.895 		2.708 		1.112
v -0.122 		-3.623 		17.012
v -0.122 		-3.6 		17.126
v -11.927 		1.081 		14.339
v -0.064 		-3.694 		16.974
v -0.072 		-3.678 		17.061
v -2.728 		-2.463 		12.733
v -0.011 		-3.702 		17.065
v -2.986 		-2.555 		12.709
v 3.896 		2.699 		1.052
v -0.122 		-3.545 		16.72
v 1.948 		-1.452 		12.737
v -11.454 		0.982 		14.815
v -2.826 		-2.503 		12.606
v -11.454 		0.907 		14.844
v -0.122 		-3.259 		16.536
v -0.122 		-3.404 		16.589
v -0.09 		-3.35 		16.514
v -0.072 		-3.095 		16.478
v 1.946 		-1.454 		12.736
v -0.074 		-3.507 		16.587
v -2.589 		-2.23 		12.348
v 1.954 		-1.447 		12.736
v 3.642 		2.672 		1.239
v 1.991 		-1.423 		12.7
v -11.454 		0.836 		14.772
v -2.635 		-2.228 		12.345
v -0.038 		-3.273 		16.46
v -0.038 		-3.443 		16.522
v -2.661 		-2.223 		12.37
v -11.5 		0.906 		14.844
v -2.638 		-2.065 		12.527
v -0.016 		-3.182 		16.447
v -0.033 		-3.362 		16.481
v 3.817 		2.681 		1.175
v -11.766 		0.946 		14.772
v -11.733 		0.874 		14.767
v 1.927 		-1.468 		12.724
v -2.637 		-2.523 		12.526
v -11.625 		0.854 		14.78
v -11.585 		0.846 		14.779
v -11.625 		0.901 		14.827
v -11.663 		0.911 		14.821
v 1.942 		-1.458 		12.735
v -0.122 		-3.61 		16.859
v -0.073 		-3.594 		16.685
v -2.77 		-2.365 		12.463
v 3.896 		2.702 		0.983
v 3.896 		2.703 		0.985
v -0.074 		-3.68 		16.886
v 3.896 		2.704 		1.008
v 3.896 		2.704 		1.016
v 1.936 		-1.456 		12.734
v 3.896 		2.703 		1.002
v 3.896 		2.703 		0.999
v 3.896 		2.701 		0.973
v 3.896 		2.701 		0.97
v 3.896 		2.702 		0.98
v -0.041 		-3.678 		16.818
v 3.896 		2.699 		1.009
v 3.896 		2.699 		1.007
v -11.522 		0.94 		14.842
v 3.896 		2.699 		0.999
v 3.896 		2.699 		0.995
v 3.896 		2.7 		0.992
v -0.011 		-3.587 		16.634
v 3.896 		2.7 		0.988
v 3.896 		2.7 		0.983
v 3.896 		2.7 		0.981
v -11.543 		1.008 		14.784
v 3.895 		2.703 		0.986
v 3.894 		2.706 		1.023
v -11.699 		0.936 		14.807
v -11.719 		1.003 		14.745
v 3.895 		2.704 		1.005
v 3.895 		2.704 		1.004
v -2.667 		-2.55 		12.405
v -0.328 		1.135 		15.495
v 3.895 		2.7038 		1.0031
v -2.654 		-2.446 		12.377
v -0.656 		1.092 		15.478
v 1.96 		-1.441 		12.733
v -2.612 		-2.353 		12.386
v 3.895 		2.703 		0.99
v 1.956 		-1.445 		12.735
v 3.894 		2.704 		1.004
v 3.895 		2.704 		1.007
v 3.895 		2.704 		1.008
v 3.895 		2.704 		1.015
v -11.724 		0.833 		14.695
v -11.584 		0.817 		14.705
v -0.876 		0.539 		16.133
v -0.801 		0.706 		15.908
v 3.895 		2.703 		0.999
v 3.895 		2.7038 		1.003
v -2.678 		-2.407 		12.341
v -11.454 		0.765 		14.435
v 3.895 		2.703 		0.995
v -11.454 		0.783 		14.587
v -0.899 		0.503 		16.241
v -2.709 		-2.462 		12.339
v -0.735 		0.562 		16.187
v -2.733 		-2.342 		12.402
v 3.895 		2.703 		0.984
v -2.688 		-2.354 		12.344
v -11.884 		0.853 		14.601
v -11.796 		0.886 		14.741
v -0.31 		0.564 		16.341
v -11.782 		0.821 		14.615
v -0.592 		0.605 		16.133
v -2.986 		-2.529 		12.498
v -3.048 		-2.492 		12.374
v -11.903 		0.924 		14.646
v -3.056 		-2.459 		12.541
v -0.649 		0.908 		15.698
v -2.779 		-2.589 		12.729
v -2.762 		-2.584 		12.733
v -11.818 		0.995 		14.692
v -1.013 		0.983 		15.452
v -0.965 		0.824 		15.684
v -11.796 		0.946 		14.752
v -11.853 		0.958 		14.696
v -2.806 		-2.732 		12.729
v -1.099 		0.441 		16.133
v -11.872 		0.979 		14.656
v 3.896 		2.699 		1.015
v 3.895 		2.698 		1.012
v 3.895 		2.698 		1.007
v 3.895 		2.698 		1.004
v 3.892 		2.697 		1.011
v -1.437 		0.264 		15.883
v -11.951 		0.921 		14.572
v -1.473 		0.042 		16.133
v -11.946 		0.871 		14.544
v -1.43 		0.121 		16.133
v 1.822 		-1.314 		12.602
v -11.84 		0.804 		14.463
v -11.939 		0.841 		14.487
v -11.969 		0.833 		14.381
v 3.895 		2.699 		1.013
v 3.895 		2.699 		1.014
v -2.864 		-2.639 		12.592
v -2.852 		-2.628 		12.634
v -11.871 		0.8 		14.39
v -12.004 		1.003 		14.382
v -11.913 		0.995 		14.586
v 3.895 		2.699 		0.995
v 3.895 		2.699 		0.997
v 3.895 		2.699 		0.998
v -12.001 		0.896 		14.445
v 3.895 		2.699 		0.99
v 3.895 		2.699 		0.991
v -1.323 		0.259 		16.133
v -2.781 		-2.881 		12.72
v 3.895 		2.699 		1.006
v 3.895 		2.699 		1.005
v 1.627 		-1.242 		12.289
v 1.624 		-1.192 		12.487
v -2.73 		-3.039 		12.569
v -1.463 		0.368 		15.65
v -1.48 		0.189 		15.86
v -2.868 		-3.037 		12.713
v -12.034 		0.953 		14.34
v 2.044 		-1.408 		12.528
v 1.845 		-1.32 		12.518
v -1.52 		0.327 		15.388
v -2.83 		-3.038 		12.732
v 3.895 		2.7 		0.987
v -1.21 		0.686 		15.67
v -2.905 		-2.912 		12.578
v -2.986 		-2.915 		12.587
v 1.856 		-1.479 		12.426
v 2.091 		-1.5 		12.726
v 1.881 		-1.488 		12.416
v 3.698 		2.701 		0.97
v -2.901 		-2.972 		12.633
v -2.986 		-2.986 		12.64
v 2.162 		-1.525 		12.706
v -2.986 		-3.029 		12.644
v -2.903 		-3.04 		12.643
v -0.337 		1.484 		14.991
v 1.948 		-1.531 		12.45
v -2.907 		-3.07 		12.633
v -11.454 		1.224 		13.845
v 1.858 		-1.497 		12.522
v -11.454 		1.178 		14.254
v 2.073 		-1.515 		12.736
v 2.078 		-1.511 		12.735
v -0.518 		1.694 		14.342
v -0.511 		1.598 		14.678
v -2.709 		-2.572 		12.352
v -11.744 		1.165 		14.131
v -11.911 		1.108 		14.246
v 1.915 		-1.527 		12.541
v -0.588 		1.45 		14.975
v -0.836 		1.394 		14.954
v 0.114 		3.454 		1.978
v 2.069 		-1.519 		12.736
v -2.778 		-2.728 		12.339
v 0.033 		3.672 		1.859
v -11.963 		1.088 		14.219
v -2.764 		-2.726 		12.339
v 0.104 		3.216 		1.193
v -12.003 		1.093 		14.036
v -2.753 		-2.585 		12.34
v -0.827 		1.232 		15.224
v 0.098 		3.251 		1.101
v -0.679 		1.571 		14.668
v 0.078 		3.605 		1.139
v -0.997 		1.335 		14.938
v 2.066 		-1.522 		12.735
v 1.833 		-1.396 		12.343
v -0.986 		1.174 		15.209
v -12.04 		1.054 		14.101
v 0.029 		3.71 		1.045
v 1.792 		-1.339 		12.379
v 0.076 		3.643 		1.778
v 1.822 		-1.378 		12.349
v 0.059 		3.693 		1.253
v 1.953 		-1.445 		12.344
v -12.072 		1.084 		13.401
v -1.393 		1.176 		14.602
v 1.943 		-1.454 		12.342
v -1.157 		1.326 		14.777
v -1.172 		1.454 		14.472
v -12.104 		1.026 		13.677
v 2.217 		-1.528 		12.633
v 2.048 		-1.532 		12.352
v -2.834 		-2.621 		12.421
v -11.83 		1.171 		13.82
v -12.005 		1.124 		13.499
v -1.306 		1.282 		14.613
v 2.206 		-1.503 		12.549
v -1.171 		1.071 		15.188
v -2.81 		-3.038 		12.337
v -12.074 		1.066 		13.776
v -2.772 		-2.882 		12.343
v 1.984 		-1.426 		12.377
v 0.1162 		2.7479 		1.4564
v 0.1231 		2.7681 		1.6839
v 0.0916 		2.7226 		1.1731
v 0.1302 		2.7753 		1.9132
v -2.717 		-2.954 		12.475
v -2.758 		-2.92 		12.357
v 2.058 		-1.525 		12.344
v -1.315 		0.941 		15.17
v 0.1188 		2.6477 		1.5127
v -1.497 		0.71 		15.003
v 0.1187 		2.6478 		1.5118
v 0.0853 		2.6861 		1.1081
v -1.527 		0.878 		14.578
v 2.067 		-1.517 		12.342
v 1.849 		-1.423 		12.346
v 2.136 		-1.477 		12.437
v -11.454 		0.746 		13.901
v -1.533 		0.362 		15.119
v -11.811 		0.784 		14.312
v -12.019 		0.824 		14.171
v 2.2 		-1.505 		12.485
v 0.028 		3.704 		0.65
v 1.852 		-1.43 		12.349
v 0.048 		3.693 		0.888
v -1.544 		0.675 		14.712
v -2.986 		-2.896 		12.517
v -2.899 		-2.901 		12.488
v -12.038 		0.874 		14.303
v 0.059 		3.593 		0.744
v -2.986 		-2.967 		12.412
v -12.072 		0.885 		14.151
v -2.886 		-2.934 		12.435
v 1.855 		-1.441 		12.356
v -12.044 		0.996 		14.261
v -2.879 		-3.032 		12.401
v 2.453 		-1.765 		12.563
v -0.962 		1.67 		13.476
v 2.336 		-1.652 		12.661
v -0.741 		1.73 		13.974
v -0.768 		1.716 		13.493
v -2.986 		-3.034 		12.401
v 2.367 		-1.729 		12.712
v 0.012 		3.706 		0.354
v 2.423 		-1.789 		12.701
v 1.777 		-1.523 		12.384
v -0.691 		1.708 		14.158
v -12.064 		0.821 		13.87
v 0.015 		3.704 		0.336
v -2.986 		-3.226 		12.986
v -2.986 		-3.396 		12.857
v -12.047 		0.821 		14.011
v 0.016 		3.703 		0.325
v 0.017 		3.7 		0.304
v -3.064 		-3.116 		13.095
v -3.056 		-3.378 		12.969
v -1.211 		1.592 		13.974
v 1.583 		-1.613 		12.56
v -1.068 		1.656 		13.974
v -12.084 		0.855 		14.003
v -12.089 		0.879 		14.023
v -12.075 		0.848 		14.038
v -1.061 		1.568 		14.318
v 2.037 		-1.542 		12.705
v -12.106 		0.943 		13.893
v -12.106 		0.885 		13.876
v 1.715 		-1.568 		12.589
v 2.196 		-1.581 		12.732
v 2.248 		-1.63 		12.733
v -1.572 		1.049 		13.831
v 0.003 		3.707 		0.209
v -2.754 		-3.176 		12.622
v -2.802 		-3.176 		12.714
v -2.848 		-3.176 		12.73
v -2.986 		-3.089 		12.619
v -1.439 		1.391 		13.974
v 2.013 		-1.553 		12.659
v -12.069 		1.021 		14.068
v 1.555 		-1.657 		12.663
v -1.531 		1.04 		14.283
v 1.569 		-1.64 		12.658
v -1.439 		1.259 		14.294
v -1.355 		1.368 		14.3
v 0.008 		3.705 		0.18
v -1.332 		1.454 		14.14
v -12.116 		1.014 		13.501
v -1.213 		1.528 		14.185
v -12.12 		0.977 		13.584
v -2.916 		-3.128 		12.576
v 0.009 		3.703 		0.159
v 0.017 		3.686 		0.232
v 2.186 		-1.591 		12.736
v 2.191 		-1.586 		12.735
v 1.987 		-1.56 		12.53
v -12.122 		0.866 		13.402
v 0.009 		3.699 		0.138
v 2.182 		-1.596 		12.735
v -2.986 		-3.137 		12.554
v -12.109 		0.855 		13.733
v -12.111 		0.85 		13.643
v -11.82 		0.777 		13.764
v -2.986 		-3.507 		12.584
v -3.011 		-3.51 		12.72
v 2.176 		-1.602 		12.732
v -3.039 		-3.534 		12.729
v -1.557 		1.125 		13.477
v 1.531 		-1.677 		12.67
v 1.423 		-1.701 		12.693
v -1.151 		1.601 		13.456
v -1.321 		1.492 		13.435
v -2.794 		-3.176 		12.344
v -2.786 		-3.176 		12.35
v -2.762 		-3.176 		12.382
v 2.141 		-1.54 		12.732
v -12.081 		0.821 		13.382
v 0.567 		-1.723 		12.825
v 0.002 		3.708 		0.02
v 0.001 		3.708 		0.033
v 0.002 		3.708 		0.032
v 0.001 		3.708 		0.02
v 0.001 		3.708 		0.034
v 0.001 		3.708 		0.013
v 0.002 		3.707 		0.042
v 0.002 		3.707 		0.022
v -2.914 		-3.176 		12.531
v -2.88 		-3.176 		12.392
v 0.002 		3.707 		0.023
v -11.454 		1.227 		13.182
v -2.914 		-3.139 		12.516
v 2.174 		-1.604 		12.73
v 0.002 		3.707 		0.037
v -11.56 		1.193 		12.859
v -12.061 		1.089 		13.082
v -12.092 		1.058 		13.004
v 0.002 		3.707 		0.032
v -12.092 		1.063 		13.25
v -2.986 		-3.137 		12.495
v 0.002 		3.706 		0.029
v -12.045 		1.089 		12.888
v 2.101 		-1.576 		12.707
v -2.901 		-3.114 		12.448
v -11.882 		1.154 		13.176
v -1.58 		0.833 		14.098
v 1.315 		1.322 		11.995
v -2.986 		-3.088 		12.421
v 1.338 		1.254 		11.692
v -11.954 		1.127 		12.986
v 0.003 		3.707 		0.048
v 1.404 		1.241 		11.956
v 1.381 		1.308 		12.263
v 2.302 		-1.683 		12.732
v -2.986 		-3.492 		12.414
v -3.025 		-3.554 		12.541
v -3.025 		-3.546 		12.448
v 2.296 		-1.689 		12.735
v 1.427 		1.122 		11.356
v 2.286 		-1.701 		12.733
v 0.003 		3.706 		0.053
v 2.275 		-1.712 		12.722
v 1.467 		1.07 		11.35
v -3.155 		-2.504 		12.838
v -3.311 		-2.534 		12.82
v 2.129 		-1.636 		12.638
v 2.19 		-1.683 		12.645
v -11.883 		1.111 		12.52
v -12.084 		1.048 		12.672
v -12.079 		1.06 		12.761
v -3.145 		-2.721 		13.056
v 2.227 		-1.749 		12.555
v 0.037 		3.251 		0.392
v -3.09 		-2.918 		13.109
v 0.036 		3.52 		0.403
v -3.164 		-3.018 		13.137
v -12.073 		1.049 		12.531
v -3.222 		-2.721 		13.056
v -3.183 		-2.864 		13.116
v 0.218 		1.447 		11.445
v 0.441 		1.432 		11.41
v -3.311 		-2.827 		13.066
v -3.311 		-3.018 		13.1
v 2.067 		-1.594 		12.639
v 0.697 		1.518 		11.907
v 0.935 		1.462 		11.84
v 0.0739 		2.701 		0.97
v 2.487 		-1.951 		12.733
v 2.406 		-1.804 		12.728
v -3.126 		-2.566 		12.92
v -12.117 		0.987 		12.934
v 1.603 		0.421 		11.409
v 2.383 		-1.826 		12.732
v 1.623 		0.506 		12.273
v -3.203 		-2.561 		12.924
v 1.604 		0.73 		12.007
v -12.11 		0.845 		12.919
v -3.212 		-2.636 		12.996
v -12.115 		0.85 		12.991
v 2.408 		-1.911 		12.707
v -3.302 		-2.736 		13.029
v -12.117 		0.846 		13.225
v -12.109 		0.851 		12.872
v -3.38 		-2.641 		12.857
v -3.38 		-2.933 		13.026
v -12.114 		0.845 		13.155
v -3.38 		-2.772 		12.967
v 2.528 		-1.923 		12.675
v 2.507 		-1.937 		12.716
v -3.09 		-2.475 		12.738
v 1.214 		1.229 		11.174
v -3.126 		-2.433 		12.592
v -12.111 		0.842 		13.07
v 1.399 		1.095 		11.087
v -3.145 		-2.459 		12.744
v 1.102 		1.151 		10.679
v 2.37 		-1.935 		12.594
v -3.241 		-2.437 		12.643
v -3.203 		-2.458 		12.745
v 1.168 		1.024 		10.295
v 2.344 		-1.859 		12.659
v -12.095 		0.835 		12.91
v -12.102 		0.837 		12.975
v 1.276 		1.13 		10.873
v 1.428 		1.068 		11.071
v -3.38 		-2.544 		12.668
v 1.407 		1.032 		10.81
v -3.108 		-2.456 		12.39
v -3.164 		-2.431 		12.437
v -3.203 		-2.422 		12.541
v -11.454 		0.808 		12.385
v 2.339 		-1.752 		12.342
v -3.328 		-2.477 		12.445
v -3.295 		-2.448 		12.541
v 2.428 		-1.781 		12.41
v 0.795 		1.076 		10.276
v 0.846 		1.227 		10.762
v 2.32 		-1.661 		12.391
v -12.105 		0.865 		12.583
v -11.939 		0.824 		12.724
v 0.473 		1.277 		10.849
v -3.38 		-2.529 		12.498
v -12.098 		0.849 		12.57
v 1.004 		1.322 		11.253
v -12.103 		0.861 		12.548
v -12.063 		0.838 		12.623
v 2.155 		-1.659 		12.429
v 1.612 		0.079 		11.249
v -3.38 		-2.573 		12.333
v 1.557 		0.778 		11.184
v 2.113 		-1.562 		12.345
v 2.171 		-1.601 		12.344
v -3.145 		-3.121 		13.126
v -12.091 		0.972 		12.294
v -3.203 		-3.147 		13.121
v -3.222 		-3.315 		13.056
v -3.241 		-3.22 		13.095
v -3.307 		-3.163 		13.081
v 1.53 		0.457 		10.66
v -12.099 		0.856 		12.49
v 1.435 		0.804 		10.258
v -12.086 		0.853 		12.336
v -3.09 		-3.307 		13.041
v -12.093 		0.854 		12.43
v 1.445 		0.832 		10.357
v 2.182 		-1.59 		12.342
v -3.38 		-3.265 		12.967
v 2.258 		-1.616 		12.365
v -3.38 		-3.187 		13.004
v 2.25 		-1.541 		12.492
v 2.276 		-1.809 		12.527
v -3.117 		-3.467 		12.917
v 2.325 		-1.87 		12.484
v 2.352 		-1.847 		12.375
v 2.48 		-2.045 		12.365
v -3.126 		-3.529 		12.836
v 1.31 		1.02 		10.475
v 1.418 		0.954 		10.552
v -3.212 		-3.4 		12.996
v -3.203 		-3.475 		12.924
v -11.454 		1.036 		11.438
v -11.454 		1.127 		12.049
v -11.643 		1.062 		11.729
v -3.277 		-3.461 		12.912
v 2.419 		-1.896 		12.343
v -11.942 		1.077 		12.253
v -3.38 		-3.396 		12.857
v -12.06 		1.034 		12.203
v 1.379 		0.081 		9.818
v 1.357 		0.854 		10.026
v 2.546 		-1.911 		12.492
v 2.497 		-1.939 		12.357
v 1.456 		0.437 		10.194
v 1.464 		0.09 		10.139
v 3.09 		-2.518 		12.83
v 3.164 		-2.502 		12.839
v -11.998 		0.844 		12.278
v -3.145 		-3.577 		12.744
v -3.222 		-3.577 		12.744
v 3.285 		-2.522 		12.827
v -3.311 		-3.569 		12.638
v 1.262 		0.918 		10.003
v -3.38 		-3.507 		12.584
v -12.087 		0.864 		12.194
v 1.166 		0.838 		9.632
v 1.207 		0.847 		9.693
v 1.335 		0.719 		9.715
v 1.302 		0.76 		9.632
v 1.242 		0.819 		9.632
v 0.911 		0.939 		9.924
v 0.958 		0.974 		10.024
v 0.324 		0.838 		9.632
v 0.015 		0.796 		9.092
v 3.126 		-2.507 		12.246
v 3.183 		-2.5 		12.242
v 3.126 		-2.639 		12.089
v 3.212 		-2.636 		12.086
v 3.277 		-2.576 		12.17
# 2705 vertices

g group_0_11909273

usemtl color_11909273
s 0

f 3 	4 	2
f 4 	5 	6
f 4 	6 	1
f 1 	2 	4
f 4 	3 	8
f 8 	9 	10
f 8 	10 	11
f 8 	11 	12
f 8 	12 	4
f 18 	19 	16
f 17 	23 	20
f 46 	93 	14
f 17 	30 	23
f 17 	13 	30
f 31 	27 	33
f 29 	27 	31
f 86 	23 	30
f 315 	21 	32
f 32 	21 	15
f 21 	22 	15
f 22 	146 	15
f 22 	140 	146
f 36 	19 	2691
f 71 	27 	29
f 16 	19 	36
f 90 	43 	382
f 7 	380 	40
f 165 	42 	41
f 50 	53 	48
f 42 	39 	38
f 47 	60 	45
f 42 	38 	41
f 70 	61 	52
f 33 	79 	49
f 55 	70 	52
f 37 	58 	44
f 53 	112 	48
f 62 	27 	71
f 52 	61 	54
f 2690 	60 	47
f 62 	33 	27
f 59 	41 	56
f 61 	63 	54
f 33 	62 	64
f 57 	159 	59
f 59 	159 	41
f 66 	69 	67
f 86 	30 	88
f 69 	1961 	67
f 68 	58 	132
f 72 	69 	66
f 209 	396 	88
f 69 	45 	1961
f 69 	72 	45
f 71 	64 	62
f 2688 	47 	72
f 71 	98 	64
f 47 	45 	72
f 118 	64 	114
f 58 	68 	44
f 76 	201 	63
f 20 	77 	73
f 65 	68 	132
f 64 	98 	114
f 77 	78 	73
f 107 	64 	118
f 63 	70 	76
f 80 	20 	23
f 80 	77 	20
f 76 	40 	43
f 79 	33 	64
f 63 	61 	70
f 80 	82 	77
f 76 	70 	40
f 82 	78 	77
f 82 	85 	78
f 86 	80 	23
f 85 	82 	80
f 86 	85 	80
f 92 	89 	91
f 89 	87 	91
f 88 	124 	86
f 41 	38 	94
f 94 	56 	41
f 53 	104 	100
f 59 	56 	94
f 99 	59 	94
f 102 	107 	101
f 94 	95 	99
f 57 	59 	99
f 107 	98 	101
f 103 	106 	110
f 108 	109 	237
f 111 	96 	32
f 95 	113 	99
f 112 	36 	28
f 112 	16 	36
f 95 	96 	113
f 114 	98 	107
f 97 	105 	137
f 96 	111 	113
f 97 	116 	105
f 15 	111 	32
f 103 	110 	117
f 113 	111 	15
f 110 	106 	117
f 96 	95 	316
f 96 	316 	336
f 316 	95 	657
f 94 	657 	95
f 53 	100 	112
f 2683 	116 	97
f 107 	79 	64
f 120 	107 	118
f 123 	116 	2683
f 75 	16 	112
f 123 	105 	116
f 118 	114 	120
f 149 	75 	112
f 114 	107 	120
f 149 	74 	75
f 87 	89 	2130
f 105 	123 	148
f 125 	126 	109
f 148 	123 	124
f 74 	143 	162
f 121 	226 	204
f 135 	102 	129
f 101 	98 	128
f 133 	139 	304
f 128 	129 	102
f 243 	2115 	92
f 102 	135 	107
f 87 	136 	91
f 102 	101 	128
f 98 	338 	128
f 136 	87 	138
f 87 	2130 	138
f 328 	329 	128
f 140 	22 	142
f 134 	137 	105
f 135 	79 	107
f 133 	142 	139
f 134 	130 	137
f 138 	141 	136
f 348 	142 	133
f 22 	139 	142
f 79 	135 	46
f 105 	144 	134
f 144 	147 	134
f 135 	93 	46
f 105 	148 	144
f 148 	147 	144
f 145 	149 	150
f 150 	149 	112
f 92 	91 	136
f 152 	24 	148
f 74 	149 	145
f 124 	152 	148
f 88 	396 	124
f 158 	99 	113
f 158 	57 	99
f 74 	145 	143
f 40 	382 	43
f 157 	380 	7
f 124 	380 	152
f 152 	380 	157
f 158 	159 	57
f 158 	181 	159
f 24 	152 	157
f 162 	143 	161
f 39 	42 	163
f 125 	109 	191
f 85 	86 	124
f 163 	165 	169
f 126 	115 	109
f 271 	162 	161
f 159 	165 	41
f 165 	163 	42
f 159 	169 	165
f 115 	126 	175
f 169 	170 	163
f 84 	74 	162
f 171 	172 	166
f 191 	109 	108
f 115 	424 	109
f 172 	173 	174
f 209 	174 	173
f 209 	13 	174
f 424 	115 	450
f 290 	295 	164
f 156 	155 	220
f 113 	15 	158
f 15 	179 	158
f 51 	180 	132
f 201 	90 	182
f 176 	185 	183
f 51 	81 	180
f 90 	382 	182
f 201 	182 	125
f 170 	169 	192
f 180 	81 	243
f 125 	439 	126
f 182 	439 	125
f 179 	181 	158
f 193 	159 	181
f 146 	206 	179
f 15 	146 	179
f 191 	108 	238
f 238 	190 	191
f 188 	63 	199
f 276 	198 	194
f 199 	190 	188
f 201 	191 	190
f 159 	193 	192
f 84 	221 	176
f 199 	201 	190
f 192 	169 	159
f 192 	194 	170
f 63 	201 	199
f 194 	198 	170
f 201 	125 	191
f 270 	200 	1038
f 76 	43 	201
f 201 	43 	90
f 197 	1843 	156
f 186 	196 	195
f 171 	173 	172
f 208 	202 	215
f 1843 	197 	205
f 209 	30 	13
f 251 	71 	205
f 179 	206 	181
f 328 	151 	329
f 299 	302 	207
f 204 	146 	140
f 164 	287 	290
f 211 	218 	212
f 142 	121 	204
f 218 	213 	212
f 207 	253 	254
f 140 	142 	204
f 218 	219 	213
f 216 	247 	249
f 219 	214 	213
f 219 	238 	214
f 186 	220 	225
f 203 	193 	206
f 193 	181 	206
f 224 	218 	211
f 225 	220 	155
f 206 	146 	204
f 153 	225 	155
f 216 	217 	223
f 225 	164 	186
f 380 	173 	171
f 153 	164 	225
f 1170 	259 	226
f 209 	173 	380
f 121 	119 	226
f 210 	223 	222
f 226 	1156 	1170
f 167 	281 	227
f 88 	30 	209
f 228 	195 	197
f 223 	217 	2428
f 186 	195 	228
f 219 	188 	238
f 156 	228 	197
f 63 	188 	219
f 277 	167 	227
f 229 	231 	230
f 228 	156 	220
f 54 	63 	219
f 220 	186 	228
f 238 	237 	232
f 238 	108 	237
f 239 	241 	231
f 237 	109 	250
f 180 	215 	178
f 84 	162 	221
f 727 	234 	725
f 727 	235 	234
f 190 	238 	188
f 180 	243 	215
f 109 	424 	250
f 1156 	226 	1178
f 100 	254 	245
f 238 	232 	236
f 186 	242 	196
f 240 	246 	244
f 237 	233 	232
f 247 	240 	249
f 236 	214 	238
f 237 	250 	233
f 1287 	233 	250
f 252 	234 	235
f 250 	1289 	1287
f 2499 	217 	216
f 250 	424 	1289
f 245 	207 	302
f 207 	245 	253
f 235 	727 	1159
f 245 	254 	253
f 226 	119 	234
f 252 	226 	234
f 235 	1159 	1161
f 104 	254 	100
f 226 	252 	1178
f 226 	259 	204
f 242 	256 	195
f 248 	256 	242
f 178 	215 	202
f 242 	195 	196
f 112 	100 	245
f 259 	1170 	1156
f 256 	248 	197
f 257 	244 	246
f 150 	112 	245
f 263 	192 	193
f 246 	260 	257
f 145 	150 	300
f 251 	275 	71
f 263 	194 	192
f 203 	263 	193
f 197 	195 	256
f 274 	143 	145
f 205 	248 	251
f 274 	161 	143
f 263 	203 	266
f 205 	197 	248
f 1348 	266 	269
f 264 	136 	141
f 269 	206 	204
f 1348 	269 	259
f 243 	136 	264
f 136 	243 	92
f 204 	259 	269
f 269 	266 	203
f 203 	206 	269
f 268 	283 	265
f 164 	295 	273
f 283 	268 	285
f 273 	186 	164
f 274 	300 	265
f 285 	265 	283
f 248 	242 	273
f 437 	154 	447
f 275 	251 	273
f 384 	167 	200
f 186 	273 	242
f 274 	271 	161
f 265 	271 	274
f 276 	194 	263
f 275 	98 	71
f 263 	1373 	276
f 251 	248 	273
f 1373 	263 	266
f 258 	301 	523
f 154 	793 	992
f 523 	281 	258
f 274 	145 	300
f 277 	281 	278
f 285 	162 	271
f 285 	221 	162
f 271 	265 	285
f 281 	526 	289
f 243 	264 	288
f 281 	289 	291
f 264 	141 	288
f 292 	282 	272
f 281 	291 	278
f 243 	288 	359
f 281 	277 	227
f 289 	278 	291
f 295 	305 	297
f 292 	294 	282
f 243 	359 	215
f 273 	295 	297
f 245 	299 	298
f 245 	302 	299
f 167 	277 	278
f 300 	245 	298
f 282 	294 	485
f 200 	167 	278
f 150 	245 	300
f 298 	265 	300
f 290 	287 	308
f 139 	22 	304
f 117 	2166 	103
f 298 	268 	265
f 21 	307 	22
f 305 	98 	275
f 306 	310 	309
f 285 	298 	221
f 338 	98 	308
f 310 	22 	309
f 298 	285 	268
f 131 	127 	2250
f 22 	310 	304
f 308 	98 	311
f 299 	313 	298
f 312 	298 	313
f 185 	312 	313
f 200 	131 	2250
f 313 	207 	185
f 22 	307 	309
f 313 	299 	207
f 306 	309 	303
f 221 	298 	312
f 286 	303 	284
f 185 	176 	312
f 296 	303 	293
f 296 	306 	303
f 176 	221 	312
f 305 	295 	311
f 83 	103 	2168
f 315 	307 	21
f 1038 	200 	567
f 315 	303 	309
f 309 	307 	315
f 32 	96 	336
f 315 	32 	336
f 305 	311 	98
f 3 	2 	316
f 311 	314 	308
f 2 	1 	316
f 1 	6 	316
f 2518 	2337 	257
f 6 	5 	316
f 5 	318 	316
f 5 	4 	318
f 323 	336 	316
f 317 	1550 	322
f 275 	321 	305
f 273 	297 	321
f 305 	321 	297
f 290 	308 	314
f 290 	314 	311
f 290 	311 	295
f 275 	273 	321
f 330 	325 	463
f 164 	151 	328
f 164 	332 	287
f 164 	328 	332
f 326 	330 	331
f 326 	325 	330
f 323 	318 	330
f 324 	330 	463
f 334 	335 	333
f 320 	344 	1133
f 284 	303 	336
f 284 	336 	323
f 323 	330 	324
f 287 	332 	338
f 402 	334 	333
f 287 	338 	308
f 332 	328 	128
f 333 	335 	341
f 341 	342 	208
f 331 	318 	339
f 331 	330 	318
f 303 	315 	336
f 316 	318 	323
f 128 	338 	332
f 331 	339 	625
f 208 	215 	341
f 339 	340 	625
f 334 	345 	335
f 345 	420 	202
f 399 	345 	334
f 378 	142 	348
f 288 	141 	154
f 348 	351 	378
f 437 	430 	288
f 154 	437 	288
f 293 	352 	351
f 293 	351 	348
f 335 	342 	341
f 1280 	353 	1214
f 345 	202 	208
f 293 	355 	352
f 1204 	1214 	373
f 342 	345 	208
f 349 	354 	346
f 335 	345 	342
f 356 	357 	657
f 369 	355 	370
f 344 	368 	343
f 288 	358 	359
f 333 	341 	359
f 369 	394 	355
f 373 	350 	347
f 353 	350 	373
f 360 	357 	361
f 357 	362 	361
f 357 	367 	362
f 364 	286 	284
f 344 	320 	365
f 344 	365 	368
f 368 	365 	460
f 303 	286 	371
f 436 	362 	367
f 303 	371 	293
f 429 	360 	361
f 371 	286 	355
f 355 	293 	371
f 429 	377 	360
f 372 	241 	239
f 356 	39 	367
f 357 	356 	367
f 356 	38 	39
f 374 	258 	160
f 39 	163 	367
f 369 	398 	394
f 374 	301 	258
f 370 	355 	286
f 286 	364 	370
f 370 	364 	369
f 364 	363 	369
f 347 	375 	376
f 166 	230 	241
f 357 	383 	657
f 241 	230 	231
f 369 	363 	398
f 375 	347 	343
f 357 	360 	377
f 241 	171 	166
f 379 	380 	171
f 347 	376 	373
f 352 	381 	378
f 171 	382 	379
f 352 	378 	351
f 281 	167 	386
f 171 	372 	382
f 355 	389 	352
f 167 	384 	386
f 131 	535 	127
f 383 	357 	390
f 390 	388 	383
f 389 	381 	352
f 366 	494 	917
f 357 	377 	390
f 382 	40 	379
f 366 	917 	391
f 372 	171 	241
f 366 	914 	391
f 160 	386 	392
f 377 	388 	390
f 391 	393 	366
f 355 	394 	389
f 359 	402 	333
f 381 	389 	394
f 396 	209 	380
f 386 	160 	258
f 386 	258 	281
f 379 	40 	380
f 377 	395 	388
f 341 	215 	359
f 407 	402 	359
f 358 	407 	359
f 432 	394 	398
f 374 	160 	392
f 452 	394 	432
f 401 	239 	231
f 399 	334 	402
f 400 	385 	403
f 434 	410 	386
f 457 	121 	387
f 401 	469 	404
f 393 	397 	405
f 387 	378 	381
f 384 	434 	386
f 404 	372 	401
f 378 	121 	142
f 387 	121 	378
f 292 	267 	408
f 317 	449 	495
f 402 	407 	399
f 423 	403 	385
f 364 	411 	363
f 681 	656 	766
f 358 	428 	412
f 364 	284 	411
f 410 	392 	386
f 383 	388 	413
f 267 	417 	409
f 407 	412 	399
f 401 	372 	239
f 363 	411 	414
f 408 	267 	409
f 413 	400 	415
f 401 	231 	229
f 469 	401 	451
f 292 	272 	267
f 412 	407 	358
f 418 	404 	469
f 409 	294 	408
f 292 	408 	294
f 418 	372 	404
f 413 	388 	385
f 411 	416 	414
f 400 	413 	385
f 366 	391 	494
f 418 	382 	372
f 423 	707 	413
f 419 	416 	463
f 396 	380 	124
f 448 	439 	418
f 423 	415 	400
f 406 	416 	419
f 400 	403 	423
f 399 	420 	345
f 450 	1287 	1289
f 409 	417 	294
f 420 	178 	202
f 415 	423 	413
f 424 	450 	1289
f 465 	494 	425
f 425 	494 	391
f 391 	917 	425
f 425 	393 	391
f 420 	132 	180
f 421 	422 	423
f 420 	65 	132
f 426 	406 	443
f 420 	180 	178
f 433 	255 	262
f 428 	358 	288
f 414 	444 	432
f 288 	430 	428
f 428 	420 	399
f 362 	429 	361
f 414 	432 	363
f 428 	399 	412
f 322 	435 	317
f 430 	420 	428
f 416 	411 	284
f 426 	414 	416
f 435 	441 	317
f 426 	416 	406
f 115 	175 	438
f 432 	398 	363
f 436 	429 	362
f 439 	175 	126
f 439 	438 	175
f 395 	377 	429
f 443 	440 	444
f 414 	426 	443
f 438 	445 	472
f 420 	430 	437
f 444 	414 	443
f 437 	518 	65
f 437 	65 	420
f 427 	388 	456
f 406 	491 	443
f 427 	385 	388
f 317 	441 	446
f 456 	388 	395
f 439 	448 	438
f 675 	444 	440
f 456 	395 	429
f 448 	445 	438
f 447 	475 	437
f 418 	445 	448
f 436 	431 	429
f 439 	182 	382
f 382 	418 	439
f 468 	431 	436
f 317 	446 	449
f 458 	434 	384
f 433 	262 	261
f 452 	432 	444
f 385 	427 	456
f 454 	442 	434
f 437 	475 	518
f 462 	261 	262
f 433 	261 	462
f 456 	474 	455
f 457 	696 	119
f 458 	454 	434
f 119 	121 	457
f 323 	324 	416
f 455 	385 	456
f 325 	464 	463
f 455 	423 	385
f 419 	463 	464
f 917 	890 	425
f 467 	450 	115
f 465 	393 	425
f 115 	438 	467
f 282 	510 	453
f 464 	406 	419
f 170 	466 	163
f 343 	460 	375
f 510 	282 	485
f 466 	367 	163
f 460 	376 	375
f 467 	469 	450
f 376 	460 	461
f 436 	466 	468
f 462 	453 	513
f 436 	367 	466
f 416 	324 	463
f 416 	284 	323
f 450 	469 	451
f 468 	521 	431
f 343 	368 	460
f 435 	470 	471
f 466 	515 	468
f 571 	574 	464
f 469 	467 	472
f 458 	384 	200
f 325 	572 	464
f 325 	326 	572
f 449 	446 	858
f 462 	513 	473
f 433 	462 	473
f 476 	802 	442
f 296 	293 	133
f 476 	819 	802
f 133 	293 	348
f 376 	461 	477
f 477 	373 	376
f 296 	133 	306
f 421 	455 	478
f 442 	454 	476
f 133 	310 	306
f 133 	304 	310
f 476 	454 	2408
f 481 	482 	483
f 529 	478 	530
f 423 	455 	421
f 337 	373 	459
f 459 	373 	477
f 481 	491 	406
f 406 	464 	481
f 464 	574 	481
f 579 	482 	481
f 574 	579 	481
f 487 	586 	480
f 586 	487 	417
f 487 	485 	417
f 481 	483 	491
f 487 	480 	485
f 294 	417 	485
f 827 	844 	301
f 455 	474 	478
f 482 	492 	491
f 489 	486 	421
f 493 	492 	482
f 486 	422 	421
f 482 	584 	493
f 486 	484 	422
f 478 	489 	421
f 483 	482 	491
f 472 	467 	438
f 478 	529 	489
f 472 	418 	469
f 485 	480 	497
f 488 	517 	500
f 445 	418 	472
f 517 	488 	490
f 488 	500 	498
f 465 	511 	494
f 508 	505 	504
f 504 	509 	508
f 510 	485 	497
f 508 	507 	505
f 499 	510 	497
f 511 	465 	914
f 502 	496 	478
f 494 	511 	512
f 510 	513 	453
f 496 	530 	478
f 512 	511 	514
f 465 	425 	890
f 517 	460 	498
f 511 	465 	890
f 521 	468 	515
f 521 	515 	516
f 425 	391 	914
f 365 	498 	460
f 499 	503 	513
f 914 	514 	512
f 512 	511 	914
f 465 	425 	914
f 510 	499 	513
f 511 	393 	465
f 509 	20 	508
f 497 	480 	546
f 512 	894 	511
f 508 	73 	507
f 466 	198 	515
f 509 	17 	20
f 499 	497 	546
f 506 	513 	503
f 44 	68 	475
f 170 	198 	466
f 495 	830 	908
f 475 	65 	518
f 456 	429 	521
f 480 	479 	546
f 301 	522 	523
f 521 	429 	431
f 498 	500 	517
f 521 	474 	456
f 2076 	397 	889
f 521 	501 	474
f 474 	501 	502
f 2076 	2057 	397
f 478 	474 	502
f 281 	523 	526
f 501 	521 	516
f 528 	529 	530
f 513 	506 	473
f 1352 	477 	461
f 569 	531 	524
f 1055 	1059 	461
f 523 	538 	526
f 475 	68 	65
f 131 	200 	535
f 535 	200 	270
f 440 	443 	491
f 535 	1601 	1595
f 536 	553 	493
f 567 	289 	526
f 519 	540 	531
f 523 	527 	538
f 526 	538 	567
f 2665 	44 	475
f 531 	520 	524
f 539 	759 	542
f 503 	499 	533
f 520 	531 	540
f 651 	523 	522
f 544 	546 	479
f 546 	533 	499
f 489 	543 	486
f 528 	534 	529
f 534 	543 	489
f 534 	489 	529
f 561 	814 	562
f 278 	567 	200
f 553 	539 	542
f 550 	699 	683
f 542 	558 	553
f 564 	814 	561
f 563 	558 	542
f 829 	743 	741
f 544 	479 	590
f 814 	577 	743
f 744 	491 	563
f 562 	1073 	561
f 491 	492 	563
f 1073 	564 	561
f 493 	558 	563
f 577 	814 	564
f 492 	493 	563
f 289 	567 	278
f 553 	558 	493
f 570 	549 	550
f 536 	539 	553
f 570 	550 	560
f 569 	863 	568
f 556 	1001 	559
f 552 	554 	555
f 464 	572 	571
f 560 	610 	570
f 552 	1001 	554
f 554 	1001 	556
f 559 	1001 	562
f 571 	579 	574
f 577 	564 	1073
f 575 	578 	573
f 524 	583 	575
f 580 	581 	582
f 482 	579 	584
f 588 	581 	1533
f 331 	587 	572
f 572 	326 	331
f 575 	583 	578
f 575 	573 	524
f 590 	586 	585
f 581 	588 	621
f 569 	524 	573
f 630 	591 	626
f 580 	582 	593
f 626 	591 	571
f 570 	567 	538
f 524 	520 	583
f 549 	570 	648
f 538 	527 	570
f 498 	365 	541
f 648 	570 	527
f 600 	597 	592
f 620 	596 	583
f 560 	613 	610
f 596 	578 	583
f 610 	567 	570
f 537 	620 	583
f 603 	624 	604
f 712 	593 	711
f 582 	711 	593
f 603 	276 	624
f 604 	605 	603
f 541 	607 	498
f 607 	488 	498
f 515 	605 	604
f 569 	573 	866
f 601 	746 	599
f 515 	603 	605
f 569 	866 	863
f 198 	603 	515
f 198 	276 	603
f 515 	604 	516
f 863 	898 	568
f 519 	531 	569
f 606 	609 	1569
f 595 	571 	591
f 591 	641 	595
f 615 	617 	600
f 584 	595 	641
f 2255 	614 	618
f 609 	1570 	1569
f 641 	591 	652
f 568 	557 	569
f 279 	280 	614
f 620 	735 	596
f 604 	614 	516
f 602 	617 	608
f 616 	620 	537
f 622 	623 	621
f 591 	630 	652
f 589 	622 	621
f 624 	279 	614
f 276 	279 	624
f 579 	571 	595
f 584 	579 	595
f 617 	602 	597
f 519 	569 	557
f 604 	624 	614
f 600 	617 	597
f 625 	587 	331
f 571 	572 	626
f 627 	496 	502
f 587 	626 	572
f 621 	588 	589
f 625 	626 	587
f 586 	590 	479
f 480 	586 	479
f 601 	488 	746
f 623 	633 	655
f 625 	632 	626
f 627 	502 	501
f 473 	506 	629
f 623 	655 	621
f 627 	2255 	2253
f 614 	2255 	627
f 501 	614 	627
f 501 	516 	614
f 503 	629 	506
f 503 	533 	629
f 638 	631 	629
f 641 	639 	640
f 635 	550 	549
f 536 	640 	539
f 635 	699 	550
f 619 	582 	581
f 640 	639 	809
f 641 	646 	639
f 496 	643 	530
f 634 	644 	628
f 581 	621 	619
f 643 	528 	530
f 637 	528 	643
f 645 	634 	649
f 648 	635 	549
f 640 	536 	641
f 643 	2306 	637
f 646 	650 	639
f 649 	519 	557
f 676 	615 	662
f 653 	654 	655
f 644 	773 	628
f 656 	9 	8
f 584 	641 	536
f 8 	657 	656
f 633 	1584 	655
f 536 	493 	584
f 8 	3 	657
f 655 	658 	653
f 645 	710 	644
f 652 	646 	641
f 3 	316 	657
f 4 	12 	318
f 648 	527 	523
f 621 	659 	619
f 660 	652 	630
f 626 	632 	660
f 626 	660 	630
f 644 	634 	645
f 611 	607 	612
f 669 	670 	642
f 660 	650 	652
f 650 	646 	652
f 629 	533 	546
f 654 	659 	655
f 638 	629 	546
f 601 	490 	488
f 634 	2678 	649
f 647 	676 	662
f 655 	659 	621
f 211 	663 	664
f 651 	648 	523
f 665 	1041 	601
f 667 	662 	615
f 544 	638 	546
f 600 	667 	615
f 667 	600 	1700
f 664 	224 	211
f 609 	658 	666
f 137 	663 	97
f 137 	130 	663
f 663 	548 	97
f 733 	612 	565
f 473 	255 	433
f 690 	473 	629
f 629 	631 	765
f 642 	671 	669
f 607 	565 	612
f 629 	765 	690
f 582 	619 	674
f 674 	619 	659
f 611 	746 	488
f 679 	680 	674
f 609 	606 	679
f 566 	565 	607
f 647 	677 	676
f 606 	680 	679
f 11 	681 	318
f 678 	594 	2498
f 675 	704 	661
f 653 	609 	679
f 11 	318 	12
f 11 	10 	681
f 656 	681 	10
f 679 	654 	653
f 675 	440 	744
f 10 	9 	656
f 676 	669 	671
f 704 	675 	744
f 671 	642 	608
f 609 	653 	658
f 38 	356 	657
f 656 	657 	383
f 383 	413 	656
f 94 	38 	657
f 615 	676 	671
f 679 	674 	654
f 671 	617 	615
f 681 	770 	318
f 676 	677 	688
f 770 	340 	318
f 413 	766 	656
f 606 	1358 	680
f 671 	608 	617
f 685 	234 	119
f 678 	2498 	684
f 683 	720 	560
f 674 	659 	654
f 693 	690 	691
f 669 	676 	688
f 560 	720 	613
f 423 	422 	695
f 387 	381 	696
f 683 	731 	720
f 896 	688 	677
f 675 	696 	452
f 452 	444 	675
f 381 	394 	696
f 696 	394 	452
f 560 	550 	683
f 696 	457 	387
f 697 	692 	689
f 697 	708 	692
f 685 	119 	696
f 566 	607 	541
f 675 	687 	685
f 607 	611 	488
f 698 	699 	635
f 700 	670 	669
f 701 	702 	582
f 703 	582 	702
f 696 	675 	685
f 701 	582 	705
f 674 	761 	582
f 683 	699 	682
f 582 	715 	711
f 698 	682 	699
f 661 	704 	706
f 661 	706 	1932
f 686 	413 	707
f 1969 	675 	661
f 672 	709 	682
f 702 	701 	1050
f 1278 	1050 	705
f 703 	702 	1050
f 423 	695 	707
f 709 	668 	803
f 708 	707 	695
f 672 	668 	709
f 715 	582 	703
f 716 	717 	718
f 716 	718 	719
f 691 	690 	796
f 756 	683 	682
f 712 	711 	1050
f 715 	1050 	711
f 1050 	715 	703
f 694 	693 	691
f 2635 	693 	694
f 693 	255 	690
f 255 	473 	690
f 723 	724 	580
f 728 	723 	593
f 580 	593 	723
f 693 	2579 	255
f 728 	593 	732
f 732 	593 	734
f 685 	687 	725
f 593 	712 	734
f 733 	598 	612
f 729 	730 	673
f 724 	723 	532
f 723 	728 	951
f 728 	732 	951
f 732 	734 	951
f 734 	712 	951
f 545 	1680 	1668
f 1050 	951 	712
f 721 	722 	735
f 1969 	661 	1932
f 631 	730 	774
f 737 	927 	741
f 738 	927 	737
f 736 	687 	675
f 726 	721 	735
f 638 	730 	631
f 620 	616 	726
f 2019 	725 	736
f 673 	740 	729
f 725 	234 	685
f 710 	645 	649
f 736 	725 	687
f 1073 	738 	737
f 557 	551 	710
f 599 	742 	601
f 740 	594 	678
f 744 	440 	491
f 742 	665 	601
f 710 	649 	557
f 743 	1073 	741
f 741 	1073 	737
f 809 	747 	539
f 563 	542 	744
f 612 	746 	611
f 577 	1073 	743
f 542 	758 	749
f 740 	585 	594
f 746 	598 	828
f 750 	751 	927
f 620 	726 	735
f 612 	598 	746
f 758 	542 	759
f 740 	673 	585
f 750 	1122 	751
f 738 	1122 	750
f 744 	749 	748
f 754 	927 	751
f 746 	739 	745
f 730 	590 	585
f 778 	782 	744
f 590 	730 	544
f 544 	730 	638
f 746 	745 	742
f 730 	585 	673
f 751 	1283 	754
f 744 	542 	749
f 742 	599 	746
f 749 	758 	748
f 720 	731 	756
f 746 	828 	739
f 756 	731 	683
f 674 	786 	761
f 762 	582 	761
f 705 	582 	762
f 719 	713 	716
f 763 	788 	674
f 763 	674 	771
f 539 	747 	758
f 833 	729 	760
f 755 	752 	710
f 719 	714 	713
f 760 	729 	740
f 786 	674 	788
f 1278 	761 	786
f 753 	710 	752
f 859 	891 	765
f 766 	718 	1031
f 767 	710 	753
f 539 	758 	759
f 758 	747 	792
f 744 	706 	704
f 765 	631 	768
f 766 	413 	718
f 340 	339 	318
f 1932 	706 	744
f 773 	769 	628
f 776 	926 	754
f 783 	926 	776
f 775 	769 	773
f 770 	681 	766
f 714 	413 	686
f 719 	413 	714
f 718 	413 	719
f 783 	1405 	926
f 714 	777 	713
f 754 	1283 	776
f 780 	764 	781
f 778 	744 	748
f 934 	713 	777
f 778 	785 	782
f 592 	780 	781
f 783 	1283 	1405
f 777 	686 	779
f 776 	1283 	783
f 777 	714 	686
f 757 	787 	764
f 778 	748 	758
f 781 	764 	787
f 796 	690 	765
f 758 	785 	778
f 1278 	786 	788
f 773 	767 	775
f 781 	787 	2088
f 767 	773 	644
f 771 	674 	790
f 631 	774 	772
f 631 	772 	768
f 790 	1278 	771
f 753 	775 	767
f 2053 	758 	791
f 697 	836 	789
f 769 	726 	616
f 910 	678 	684
f 769 	775 	726
f 788 	763 	1278
f 726 	775 	721
f 758 	792 	791
f 789 	856 	872
f 775 	722 	721
f 794 	789 	872
f 775 	1006 	722
f 794 	784 	707
f 753 	1017 	775
f 644 	710 	767
f 794 	707 	789
f 707 	779 	686
f 872 	779 	707
f 795 	798 	796
f 707 	784 	872
f 691 	798 	800
f 707 	708 	789
f 709 	756 	682
f 1283 	751 	1122
f 691 	800 	801
f 793 	787 	797
f 697 	789 	708
f 1740 	1405 	1283
f 803 	806 	802
f 801 	805 	691
f 811 	787 	757
f 810 	471 	470
f 539 	640 	809
f 811 	797 	787
f 803 	668 	806
f 691 	805 	812
f 1031 	770 	766
f 810 	814 	813
f 1031 	340 	770
f 1028 	718 	717
f 812 	805 	816
f 1028 	717 	716
f 803 	819 	709
f 802 	819 	803
f 818 	820 	817
f 935 	716 	713
f 691 	815 	694
f 694 	2676 	2681
f 694 	815 	2676
f 691 	816 	815
f 810 	821 	814
f 540 	2575 	520
f 810 	470 	821
f 816 	691 	812
f 807 	821 	470
f 818 	857 	825
f 801 	816 	805
f 470 	808 	807
f 801 	800 	816
f 816 	800 	798
f 820 	818 	825
f 795 	816 	798
f 537 	2587 	2608
f 796 	798 	691
f 554 	807 	555
f 808 	555 	807
f 562 	814 	559
f 821 	559 	814
f 2604 	769 	616
f 689 	692 	484
f 820 	792 	747
f 750 	927 	738
f 997 	826 	825
f 695 	422 	484
f 852 	678 	851
f 813 	829 	830
f 678 	852 	740
f 826 	820 	825
f 829 	927 	830
f 826 	999 	831
f 813 	743 	829
f 813 	814 	743
f 708 	484 	692
f 695 	484 	708
f 927 	926 	830
f 547 	947 	834
f 547 	1034 	947
f 534 	837 	836
f 505 	507 	834
f 556 	807 	554
f 809 	820 	747
f 559 	821 	556
f 807 	556 	821
f 834 	2682 	547
f 839 	817 	820
f 823 	835 	945
f 839 	639 	650
f 859 	765 	768
f 809 	639 	820
f 512 	514 	494
f 839 	820 	639
f 827 	828 	598
f 842 	435 	471
f 840 	551 	557
f 449 	858 	861
f 730 	729 	833
f 733 	827 	598
f 957 	442 	802
f 862 	774 	730
f 835 	823 	824
f 730 	833 	865
f 842 	441 	435
f 733 	844 	827
f 865 	862 	730
f 847 	832 	824
f 828 	822 	739
f 848 	846 	843
f 850 	494 	514
f 846 	849 	845
f 890 	850 	511
f 920 	911 	845
f 822 	888 	881
f 678 	910 	851
f 918 	920 	845
f 848 	849 	846
f 514 	914 	850
f 1177 	1205 	848
f 894 	393 	511
f 894 	397 	393
f 854 	824 	832
f 534 	836 	543
f 850 	894 	514
f 484 	486 	836
f 397 	894 	889
f 840 	557 	864
f 836 	486 	543
f 854 	835 	824
f 810 	842 	471
f 841 	840 	864
f 740 	852 	760
f 689 	836 	697
f 853 	883 	880
f 813 	842 	810
f 789 	836 	837
f 857 	817 	839
f 836 	689 	484
f 837 	838 	789
f 838 	856 	789
f 862 	859 	772
f 857 	818 	817
f 446 	867 	858
f 859 	768 	772
f 997 	825 	857
f 838 	873 	856
f 366 	908 	914
f 774 	862 	772
f 861 	858 	813
f 557 	568 	864
f 441 	867 	446
f 441 	842 	867
f 997 	857 	853
f 864 	568 	871
f 859 	862 	870
f 853 	857 	855
f 813 	858 	867
f 862 	865 	870
f 495 	449 	861
f 891 	859 	870
f 872 	856 	873
f 867 	842 	813
f 875 	876 	936
f 877 	936 	876
f 878 	936 	877
f 879 	936 	878
f 877 	880 	878
f 852 	833 	760
f 366 	495 	908
f 852 	870 	833
f 881 	739 	822
f 865 	833 	870
f 830 	861 	813
f 870 	852 	851
f 880 	883 	878
f 884 	879 	878
f 882 	886 	700
f 883 	884 	878
f 888 	745 	881
f 869 	886 	882
f 745 	739 	881
f 882 	700 	669
f 495 	861 	830
f 885 	745 	888
f 880 	877 	1021
f 882 	669 	688
f 184 	2460 	2139
f 850 	890 	494
f 1021 	853 	880
f 2139 	187 	184
f 917 	494 	890
f 887 	795 	796
f 855 	884 	883
f 883 	853 	855
f 514 	511 	850
f 888 	968 	885
f 742 	745 	885
f 914 	890 	850
f 889 	894 	921
f 870 	892 	891
f 765 	891 	897
f 890 	894 	850
f 897 	887 	765
f 512 	514 	894
f 887 	796 	765
f 899 	924 	895
f 900 	898 	863
f 866 	900 	863
f 860 	900 	866
f 905 	916 	1108
f 983 	900 	860
f 905 	892 	870
f 860 	866 	573
f 872 	873 	909
f 895 	893 	899
f 893 	845 	911
f 911 	899 	893
f 913 	915 	899
f 784 	794 	872
f 779 	872 	868
f 916 	851 	910
f 924 	899 	915
f 912 	1108 	916
f 911 	913 	899
f 870 	851 	916
f 2026 	2028 	910
f 910 	912 	916
f 914 	1610 	917
f 458 	200 	2250
f 909 	868 	872
f 916 	905 	870
f 868 	909 	933
f 566 	919 	565
f 913 	911 	920
f 1100 	1103 	887
f 917 	890 	914
f 566 	576 	919
f 887 	897 	1100
f 920 	1205 	913
f 901 	919 	907
f 907 	919 	576
f 917 	1618 	894
f 917 	1610 	1618
f 576 	906 	907
f 906 	1106 	907
f 1074 	988 	596
f 906 	576 	566
f 917 	894 	890
f 906 	566 	541
f 838 	837 	534
f 365 	535 	906
f 873 	838 	925
f 889 	1618 	1611
f 904 	869 	928
f 904 	928 	902
f 966 	925 	838
f 914 	926 	1648
f 922 	873 	925
f 735 	1074 	596
f 541 	365 	906
f 966 	922 	925
f 928 	869 	882
f 928 	882 	688
f 902 	928 	874
f 928 	688 	896
f 933 	922 	932
f 1100 	892 	905
f 928 	896 	874
f 1100 	905 	1103
f 1108 	1103 	905
f 912 	2028 	151
f 779 	934 	777
f 151 	164 	912
f 934 	940 	935
f 164 	1108 	912
f 943 	935 	940
f 936 	929 	875
f 927 	754 	926
f 713 	934 	935
f 902 	903 	823
f 914 	830 	926
f 779 	868 	934
f 505 	947 	504
f 841 	941 	942
f 914 	908 	830
f 868 	933 	934
f 1067 	1069 	935
f 829 	741 	927
f 945 	854 	937
f 935 	943 	1067
f 835 	854 	945
f 940 	930 	943
f 934 	933 	940
f 937 	939 	904
f 668 	672 	946
f 1073 	562 	1001
f 841 	864 	941
f 733 	919 	844
f 941 	864 	944
f 733 	565 	919
f 864 	871 	944
f 841 	942 	948
f 901 	651 	522
f 942 	949 	948
f 951 	952 	953
f 948 	949 	947
f 930 	1067 	943
f 1027 	1026 	946
f 962 	840 	841
f 950 	956 	954
f 950 	1065 	956
f 958 	841 	948
f 873 	933 	909
f 960 	950 	954
f 948 	947 	958
f 933 	873 	922
f 968 	957 	946
f 954 	223 	960
f 505 	834 	947
f 223 	210 	960
f 841 	958 	962
f 923 	924 	971
f 963 	966 	965
f 947 	962 	958
f 964 	984 	952
f 945 	937 	904
f 945 	904 	823
f 961 	966 	963
f 210 	950 	960
f 902 	823 	904
f 984 	981 	952
f 1221 	929 	1071
f 216 	954 	247
f 216 	223 	954
f 1034 	962 	947
f 969 	986 	1053
f 1102 	1088 	947
f 974 	971 	924
f 978 	974 	924
f 949 	1113 	947
f 1094 	1090 	967
f 2696 	1094 	967
f 1102 	947 	1113
f 977 	869 	904
f 974 	1046 	971
f 904 	939 	977
f 869 	977 	886
f 924 	915 	978
f 976 	938 	1094
f 939 	937 	979
f 808 	470 	994
f 973 	980 	240
f 979 	977 	939
f 1109 	982 	954
f 981 	953 	952
f 900 	983 	898
f 981 	959 	953
f 972 	982 	1109
f 854 	979 	937
f 898 	983 	568
f 983 	871 	568
f 973 	982 	972
f 984 	964 	986
f 954 	982 	973
f 984 	1014 	981
f 240 	247 	973
f 980 	246 	240
f 918 	1205 	920
f 811 	2122 	804
f 260 	980 	993
f 1213 	1185 	929
f 1185 	875 	929
f 993 	980 	973
f 260 	246 	980
f 1185 	1187 	875
f 944 	871 	983
f 973 	247 	954
f 1005 	969 	989
f 804 	992 	811
f 1005 	986 	969
f 797 	811 	992
f 799 	847 	992
f 993 	975 	1120
f 804 	799 	992
f 211 	1034 	547
f 973 	972 	993
f 994 	322 	1550
f 994 	435 	322
f 663 	211 	548
f 637 	965 	528
f 470 	435 	994
f 1038 	613 	720
f 548 	211 	547
f 720 	756 	1038
f 1014 	959 	981
f 534 	528 	965
f 992 	793 	797
f 1020 	551 	995
f 965 	838 	534
f 997 	999 	826
f 965 	966 	838
f 1037 	1000 	551
f 986 	1005 	1018
f 551 	840 	1037
f 966 	961 	922
f 996 	831 	999
f 986 	1018 	984
f 1654 	996 	991
f 932 	1002 	1003
f 1009 	824 	823
f 932 	1004 	933
f 999 	991 	996
f 1009 	823 	903
f 1000 	995 	551
f 1004 	932 	1003
f 999 	997 	990
f 946 	1026 	968
f 999 	990 	991
f 968 	955 	957
f 997 	853 	990
f 968 	888 	955
f 1550 	1033 	994
f 888 	822 	955
f 1007 	1008 	1004
f 1012 	1010 	1011
f 1014 	1001 	959
f 775 	1017 	1015
f 1006 	1062 	1249
f 940 	1004 	1008
f 991 	1010 	1666
f 1006 	775 	1015
f 901 	907 	1016
f 940 	933 	1004
f 1018 	1014 	984
f 931 	930 	1008
f 1017 	753 	752
f 940 	1008 	930
f 1017 	752 	755
f 1021 	1011 	1022
f 1017 	755 	1020
f 932 	961 	1002
f 877 	1011 	1021
f 961 	932 	922
f 1020 	1000 	1013
f 1018 	1073 	1014
f 1000 	1020 	995
f 1073 	1001 	1014
f 1020 	1013 	1017
f 1013 	1015 	1017
f 1551 	1555 	1794
f 1794 	1793 	1551
f 1025 	1012 	876
f 551 	1020 	710
f 755 	710 	1020
f 875 	1025 	876
f 1029 	1030 	1031
f 877 	1012 	1011
f 877 	876 	1012
f 735 	722 	1074
f 1032 	1029 	1028
f 968 	970 	1019
f 1006 	1074 	722
f 1006 	1077 	1074
f 1028 	1031 	718
f 1783 	994 	1033
f 1023 	1019 	970
f 625 	340 	1031
f 1031 	1030 	625
f 1028 	1029 	1031
f 1809 	1035 	967
f 1026 	1023 	970
f 1026 	970 	968
f 847 	824 	1009
f 1021 	1022 	990
f 212 	1044 	211
f 1009 	903 	902
f 992 	847 	1009
f 1037 	1036 	1000
f 625 	1030 	632
f 991 	990 	1022
f 1022 	1011 	1010
f 567 	610 	1038
f 992 	1009 	2583
f 1032 	1039 	1029
f 459 	477 	1352
f 610 	613 	1038
f 1022 	1010 	991
f 1039 	1040 	1029
f 1037 	840 	962
f 1040 	1030 	1029
f 1041 	1042 	601
f 990 	853 	1021
f 665 	1043 	1041
f 1034 	1037 	962
f 213 	214 	1054
f 1034 	211 	1044
f 1049 	1036 	1037
f 1049 	1052 	1036
f 1043 	665 	742
f 1051 	1040 	1039
f 1043 	1048 	1041
f 1000 	1036 	1203
f 1039 	1047 	1051
f 885 	1043 	742
f 885 	968 	1043
f 1034 	1044 	1037
f 968 	1019 	1043
f 971 	1046 	1045
f 1041 	1048 	1042
f 978 	1068 	1046
f 1044 	1049 	1037
f 532 	723 	951
f 1047 	1182 	1051
f 212 	213 	1054
f 1182 	650 	1051
f 974 	978 	1046
f 660 	632 	1030
f 1040 	660 	1030
f 490 	601 	1042
f 1052 	1049 	1044
f 1053 	989 	969
f 1051 	660 	1040
f 460 	1055 	461
f 1044 	212 	1054
f 1203 	1036 	1052
f 1107 	964 	952
f 1044 	1054 	1052
f 998 	270 	1038
f 1056 	517 	490
f 1042 	1056 	490
f 902 	1888 	1009
f 1056 	460 	517
f 874 	1927 	902
f 998 	1577 	270
f 1927 	874 	896
f 1057 	1052 	1054
f 1042 	1048 	1059
f 1053 	1058 	989
f 1382 	461 	1059
f 1013 	1063 	1062
f 1382 	1059 	1072
f 1352 	461 	1382
f 1013 	1062 	1015
f 1142 	1058 	1061
f 1055 	460 	1066
f 1066 	460 	1056
f 1062 	1006 	1015
f 1051 	650 	660
f 1066 	1056 	1042
f 1249 	1062 	1063
f 931 	1067 	930
f 1066 	1059 	1055
f 935 	1069 	716
f 1142 	1061 	1107
f 1077 	1006 	1249
f 1128 	1145 	1046
f 964 	1107 	986
f 1070 	1069 	1067
f 1059 	1066 	1042
f 1028 	716 	1069
f 1069 	1032 	1028
f 1162 	1005 	989
f 1070 	1032 	1069
f 989 	1058 	1162
f 1203 	1013 	1000
f 1048 	1072 	1059
f 985 	988 	1074
f 1048 	1043 	1072
f 931 	1087 	1067
f 931 	1008 	1087
f 1074 	987 	985
f 1071 	929 	936
f 1282 	1077 	1249
f 1076 	1032 	1070
f 1076 	1039 	1032
f 1077 	987 	1074
f 1025 	1081 	1080
f 1282 	987 	1077
f 1085 	230 	1086
f 1086 	1089 	1088
f 1090 	1819 	967
f 229 	230 	1085
f 1122 	1084 	1079
f 1089 	1093 	1088
f 1092 	1087 	1083
f 168 	509 	1088
f 1087 	1091 	1083
f 1073 	1084 	1122
f 1088 	509 	504
f 1095 	1096 	1047
f 1018 	1162 	1084
f 166 	1093 	1089
f 1073 	1018 	1084
f 1093 	166 	172
f 1095 	1227 	1097
f 166 	1089 	230
f 1089 	1086 	230
f 1083 	1095 	1092
f 1088 	1093 	168
f 967 	1857 	1809
f 1018 	1005 	1162
f 1071 	936 	1078
f 172 	168 	1093
f 892 	1100 	891
f 1106 	906 	1082
f 956 	1101 	954
f 891 	1100 	897
f 956 	1065 	1101
f 1065 	1064 	1101
f 944 	1099 	941
f 1082 	906 	535
f 1108 	164 	153
f 1058 	1053 	1107
f 1108 	153 	1103
f 1082 	1207 	1160
f 155 	1103 	153
f 1106 	1082 	1160
f 1158 	1104 	1099
f 1107 	952 	951
f 950 	1060 	1065
f 887 	1103 	156
f 1843 	938 	887
f 795 	887 	938
f 1112 	1110 	1111
f 504 	947 	1088
f 1086 	1088 	1102
f 1085 	1086 	1102
f 816 	795 	938
f 1107 	1061 	1058
f 1113 	1104 	1105
f 1843 	887 	156
f 1107 	1173 	1114
f 1103 	155 	156
f 942 	1104 	949
f 1104 	942 	1099
f 942 	941 	1099
f 972 	1112 	1111
f 1107 	951 	1050
f 983 	860 	1099
f 1099 	944 	983
f 1222 	1219 	1107
f 1112 	1127 	1110
f 1113 	949 	1104
f 1222 	1107 	1223
f 1095 	1098 	1092
f 1172 	1173 	1107
f 1107 	1219 	1229
f 1227 	1095 	1083
f 972 	1109 	1112
f 1172 	1107 	1229
f 1096 	1095 	1097
f 1070 	1067 	1098
f 1111 	1110 	975
f 1098 	1076 	1070
f 986 	1107 	1053
f 1087 	1098 	1067
f 738 	1073 	1122
f 1115 	1165 	1121
f 1111 	975 	993
f 1078 	1025 	1071
f 1087 	1092 	1098
f 972 	1111 	993
f 1081 	1025 	1078
f 1118 	1116 	946
f 1039 	1076 	1098
f 1095 	1039 	1098
f 1116 	1027 	946
f 1195 	975 	1110
f 1079 	1189 	1123
f 1080 	1012 	1025
f 1075 	1012 	1080
f 1046 	1068 	1128
f 1123 	1189 	1199
f 915 	1225 	978
f 1115 	1130 	1165
f 1047 	1039 	1095
f 1131 	1129 	1126
f 1122 	1079 	1123
f 1115 	1254 	1248
f 320 	1132 	319
f 1128 	1068 	1218
f 1068 	978 	1225
f 1133 	1132 	320
f 1115 	1117 	1130
f 1195 	1194 	975
f 1117 	1119 	1130
f 1220 	1221 	1071
f 875 	1187 	1025
f 1109 	1101 	1112
f 1101 	1064 	1112
f 1071 	1025 	1187
f 1071 	1187 	1256
f 1132 	1133 	1134
f 1131 	1125 	1129
f 1124 	1129 	1125
f 1130 	1119 	1169
f 1134 	1008 	1007
f 1134 	1087 	1008
f 1129 	1124 	1019
f 1132 	1007 	1004
f 1141 	1150 	1135
f 1132 	1134 	1007
f 1023 	1129 	1019
f 1132 	1004 	1003
f 1144 	963 	965
f 1143 	1274 	1136
f 1129 	1023 	1026
f 1027 	1129 	1026
f 1143 	1136 	1138
f 1116 	1126 	1129
f 1146 	1147 	1142
f 1046 	1145 	1925
f 1144 	965 	1148
f 1116 	1129 	1027
f 1138 	1149 	1143
f 1043 	1019 	1124
f 1117 	1143 	1149
f 1002 	1132 	1003
f 1149 	1119 	1117
f 1135 	1150 	1364
f 1132 	1144 	1151
f 1128 	1139 	1145
f 319 	1132 	1151
f 1152 	1150 	1141
f 1138 	1155 	1149
f 1144 	1132 	963
f 961 	1132 	1002
f 961 	963 	1132
f 1102 	1113 	1105
f 1079 	1147 	1153
f 319 	1151 	327
f 1139 	1152 	1141
f 1192 	1147 	1146
f 965 	636 	327
f 578 	1158 	573
f 1364 	1150 	1372
f 965 	637 	636
f 1152 	1139 	1128
f 1151 	1148 	965
f 1152 	1372 	1150
f 1152 	1128 	1218
f 327 	1151 	965
f 1151 	1144 	1148
f 1142 	1162 	1058
f 1154 	1471 	1126
f 1165 	1174 	1121
f 1189 	1079 	1153
f 1166 	1161 	1164
f 1162 	1079 	1084
f 1142 	1147 	1162
f 1166 	235 	1161
f 843 	1163 	1168
f 954 	1101 	1109
f 1147 	1079 	1162
f 1130 	1169 	1165
f 1064 	1127 	1112
f 1169 	1119 	1157
f 1169 	1157 	1174
f 1174 	1165 	1169
f 1168 	1177 	843
f 1016 	1160 	1167
f 1177 	848 	843
f 1168 	1171 	1179
f 1160 	1016 	907
f 1158 	860 	573
f 1154 	1126 	1116
f 1180 	1146 	1142
f 1167 	1154 	1116
f 1118 	1167 	1116
f 1099 	860 	1158
f 1179 	1177 	1168
f 1142 	1173 	1180
f 849 	918 	845
f 985 	1282 	1158
f 1118 	1016 	1167
f 1176 	1181 	1175
f 1142 	1114 	1173
f 1179 	1205 	1177
f 985 	1158 	988
f 1158 	596 	988
f 1158 	578 	596
f 1173 	1172 	1180
f 1164 	252 	235
f 1186 	1187 	1185
f 1282 	985 	987
f 1178 	252 	1164
f 1172 	1247 	1180
f 1188 	857 	839
f 1166 	1164 	235
f 857 	1188 	1181
f 1107 	1114 	1142
f 1085 	1102 	1190
f 1184 	1186 	1185
f 1181 	1188 	1175
f 1110 	1127 	1195
f 1193 	229 	1085
f 1182 	839 	650
f 1085 	1190 	1193
f 1153 	1192 	1189
f 1192 	1199 	1189
f 451 	401 	1193
f 1160 	907 	1106
f 1191 	1164 	1198
f 1164 	1161 	1198
f 1193 	401 	229
f 1197 	1096 	1227
f 1192 	1153 	1147
f 1175 	1182 	1197
f 1182 	1047 	1197
f 1201 	1054 	236
f 236 	1054 	214
f 1255 	1175 	1197
f 1146 	1247 	1192
f 1361 	1200 	1124
f 839 	1182 	1175
f 1199 	1247 	1253
f 839 	1175 	1188
f 1250 	1211 	1198
f 1047 	1096 	1197
f 1210 	1250 	1198
f 1161 	2019 	1198
f 1180 	1247 	1146
f 1124 	1200 	1043
f 1203 	1052 	1057
f 1199 	1192 	1247
f 1164 	1191 	1178
f 1203 	1234 	1202
f 1156 	1178 	1191
f 1656 	1657 	1204
f 1225 	913 	1205
f 918 	849 	1205
f 1203 	1063 	1013
f 1228 	1208 	929
f 1278 	1107 	1050
f 1184 	1185 	1213
f 831 	996 	1204
f 1157 	1119 	1155
f 849 	848 	1205
f 1204 	373 	337
f 1119 	1149 	1155
f 1620 	1082 	1206
f 1213 	929 	1208
f 1205 	1208 	1228
f 1209 	1210 	1198
f 1082 	1620 	1207
f 1213 	1212 	1183
f 831 	1204 	337
f 1183 	1184 	1213
f 1205 	1179 	1288
f 1208 	1245 	1213
f 1214 	1175 	1255
f 1216 	1204 	1657
f 1082 	535 	1206
f 1283 	1122 	1123
f 1657 	1176 	1216
f 1199 	1217 	1123
f 1250 	1546 	1211
f 1217 	1283 	1123
f 1214 	353 	373
f 1205 	1245 	1208
f 915 	913 	1225
f 1175 	1216 	1176
f 1228 	929 	1221
f 1215 	1259 	1211
f 1204 	1216 	1175
f 1214 	1204 	1175
f 1220 	1218 	1221
f 1225 	1218 	1068
f 1195 	1196 	1194
f 1224 	1227 	1226
f 1218 	1225 	1221
f 1225 	1228 	1221
f 1083 	1226 	1227
f 1219 	1222 	1237
f 1057 	1054 	1201
f 1196 	1231 	1194
f 1134 	1091 	1087
f 1225 	1205 	1228
f 1091 	1243 	1226
f 1226 	1236 	1267
f 1234 	1203 	1057
f 1237 	1222 	1235
f 1197 	1227 	1255
f 1205 	1288 	1245
f 1120 	975 	1194
f 1252 	1203 	1202
f 1233 	1238 	1230
f 1120 	1194 	2668
f 1222 	1223 	1235
f 1234 	1057 	1201
f 1232 	1238 	1233
f 1096 	1097 	1227
f 998 	1240 	1241
f 1255 	1227 	1258
f 1242 	1190 	1102
f 232 	233 	1201
f 236 	232 	1201
f 1071 	1256 	1239
f 1236 	1243 	1267
f 1244 	1105 	1202
f 1220 	1071 	1239
f 1104 	1202 	1105
f 1202 	1234 	1244
f 1220 	1239 	1218
f 1134 	1243 	1091
f 1158 	1282 	1104
f 1242 	1244 	1201
f 1245 	1260 	1213
f 1230 	1336 	1332
f 1229 	1219 	1237
f 1243 	1134 	1133
f 1244 	1234 	1201
f 1227 	1224 	1262
f 1242 	1102 	1244
f 1262 	1258 	1227
f 1102 	1105 	1244
f 2019 	1209 	1198
f 1229 	1247 	1172
f 1250 	1210 	1209
f 1252 	1249 	1063
f 1253 	1247 	1229
f 1063 	1203 	1252
f 1256 	1212 	1213
f 2019 	1250 	1209
f 1226 	1243 	1236
f 1083 	1091 	1226
f 1237 	1253 	1229
f 1256 	1213 	1270
f 1254 	1286 	1248
f 1167 	1160 	1246
f 1254 	1232 	1285
f 1254 	1238 	1232
f 1154 	1167 	1246
f 1213 	1260 	1270
f 1265 	1238 	1254
f 1280 	1214 	1255
f 1254 	1285 	1286
f 1273 	1258 	1262
f 1237 	1235 	1253
f 1277 	1246 	1160
f 1224 	350 	1262
f 1212 	1256 	1263
f 1261 	1191 	1264
f 1215 	1264 	1191
f 1183 	1212 	1272
f 1207 	1277 	1160
f 1183 	1272 	1184
f 1265 	1254 	1269
f 1200 	1361 	1266
f 1200 	1266 	1268
f 1217 	1199 	1253
f 1243 	1133 	344
f 1266 	1316 	1268
f 344 	1267 	1243
f 1215 	1191 	1259
f 1267 	344 	343
f 762 	761 	1278
f 1278 	705 	762
f 1267 	343 	1271
f 1391 	1264 	1554
f 1265 	1336 	1230
f 1224 	1267 	1271
f 701 	705 	1050
f 1238 	1265 	1230
f 1226 	1267 	1224
f 1259 	1191 	1198
f 1212 	1263 	1272
f 1198 	1211 	1259
f 1272 	1186 	1184
f 1271 	343 	347
f 1224 	1271 	350
f 350 	1273 	1262
f 1272 	1263 	1186
f 1277 	1284 	1246
f 350 	353 	1273
f 1263 	1256 	1187
f 1276 	1275 	1115
f 1187 	1186 	1263
f 1275 	1117 	1115
f 1261 	1264 	1391
f 1232 	1314 	1279
f 350 	1271 	347
f 763 	771 	1278
f 1280 	1255 	1258
f 1256 	1270 	1281
f 1256 	1281 	1239
f 1282 	1249 	1202
f 1143 	1117 	1274
f 1285 	1275 	1286
f 1627 	1284 	1277
f 1202 	1104 	1282
f 1249 	1252 	1202
f 1190 	1242 	1287
f 790 	1403 	1278
f 233 	1287 	1242
f 1242 	1201 	233
f 1274 	1117 	1275
f 1287 	1193 	1190
f 993 	1120 	2118
f 1299 	1223 	1107
f 1275 	1248 	1286
f 1107 	1278 	1299
f 451 	1193 	1287
f 1288 	1260 	1245
f 1285 	1232 	1279
f 1287 	450 	451
f 1288 	1270 	1260
f 1285 	1279 	1275
f 1288 	1281 	1270
f 1283 	1315 	1309
f 1065 	1060 	1359
f 1273 	1280 	1258
f 1291 	1330 	1284
f 1276 	1248 	1275
f 1335 	1065 	1359
f 1246 	1284 	1330
f 1283 	1758 	1740
f 1276 	1115 	1248
f 353 	1280 	1273
f 1269 	1254 	1115
f 1257 	1315 	1283
f 1283 	1253 	1257
f 1217 	1253 	1283
f 1318 	1235 	1223
f 1291 	1669 	1290
f 1288 	1239 	1281
f 1297 	1300 	1936
f 1291 	1619 	1669
f 1297 	1310 	1300
f 1288 	1218 	1239
f 1291 	1284 	1619
f 1936 	1300 	1293
f 1171 	1288 	1179
f 1294 	1293 	1303
f 1121 	1269 	1115
f 1303 	1296 	1294
f 1303 	1312 	1296
f 1268 	1305 	1200
f 1304 	1174 	1157
f 1312 	1307 	1296
f 1300 	1303 	1293
f 1174 	1304 	1121
f 1268 	1290 	1305
f 1297 	1941 	843
f 1300 	1310 	1303
f 2161 	1311 	1306
f 1304 	1157 	1349
f 1257 	1309 	1315
f 2161 	1313 	1311
f 1168 	1163 	1306
f 1168 	1306 	1311
f 1312 	893 	1307
f 893 	1470 	1307
f 1230 	1328 	1355
f 1313 	1168 	1311
f 1310 	1297 	843
f 1275 	1279 	1314
f 1268 	1316 	1317
f 1274 	1275 	1314
f 1310 	845 	1303
f 1312 	1303 	845
f 1318 	1253 	1235
f 845 	893 	1312
f 1232 	1233 	1314
f 846 	1310 	843
f 1314 	1233 	1230
f 846 	845 	1310
f 1302 	1301 	2068
f 2075 	1302 	2068
f 1322 	1168 	1313
f 1269 	1323 	1265
f 1269 	1121 	1323
f 1257 	1253 	1318
f 1323 	1121 	1304
f 1322 	1171 	1168
f 1316 	1326 	1317
f 1322 	1393 	1288
f 1223 	1299 	1744
f 1268 	1317 	1290
f 1318 	1309 	1257
f 1324 	884 	855
f 1318 	1325 	1309
f 1291 	1317 	1326
f 1295 	495 	366
f 1328 	1331 	1327
f 857 	1181 	1329
f 1332 	1328 	1230
f 1181 	1176 	1329
f 1333 	1330 	1291
f 1325 	1283 	1309
f 1329 	1324 	857
f 1191 	1334 	1156
f 1319 	1324 	1329
f 1319 	1329 	1320
f 1283 	1325 	1758
f 1176 	1657 	1329
f 1331 	1328 	1332
f 1329 	1657 	1320
f 1569 	1340 	606
f 1295 	1343 	1298
f 855 	857 	1324
f 1386 	1347 	1334
f 1343 	1346 	1335
f 259 	1156 	1334
f 1338 	1383 	1371
f 1333 	1291 	1339
f 1171 	1322 	1288
f 1339 	1291 	1326
f 1372 	1152 	1218
f 1288 	1376 	1218
f 1343 	1064 	1346
f 1347 	1348 	259
f 1345 	1366 	1360
f 1344 	1581 	1350
f 1368 	1366 	1345
f 1291 	1290 	1317
f 1368 	1345 	1351
f 1579 	1350 	1581
f 1351 	1345 	1422
f 1065 	1335 	1346
f 1422 	1341 	1351
f 1347 	259 	1334
f 1065 	1346 	1064
f 1349 	1738 	1425
f 1327 	1355 	1328
f 1064 	1343 	1367
f 1341 	674 	1351
f 1517 	1412 	1343
f 680 	1351 	674
f 1367 	1343 	1412
f 1230 	1355 	1314
f 1335 	1359 	2699
f 1343 	1335 	2699
f 1124 	1357 	1361
f 2368 	1360 	1363
f 1316 	1266 	1361
f 2186 	1135 	1364
f 1350 	1369 	1344
f 1350 	1594 	1377
f 1338 	1371 	1381
f 1353 	2186 	1365
f 1356 	1337 	1354
f 1372 	1365 	1364
f 1373 	279 	276
f 1374 	1072 	1200
f 1200 	1305 	1374
f 1372 	1375 	1365
f 1375 	1376 	1353
f 266 	1348 	1373
f 1373 	1348 	1378
f 1350 	1377 	1369
f 1376 	1356 	1353
f 1347 	1373 	1378
f 1072 	1043 	1200
f 1072 	1374 	1772
f 1347 	1338 	1381
f 1373 	280 	279
f 1347 	1381 	1373
f 1375 	1353 	1365
f 1373 	1381 	280
f 1376 	1337 	1356
f 1378 	1348 	1347
f 1072 	1772 	1382
f 1338 	1140 	1383
f 1375 	1218 	1376
f 1372 	1218 	1375
f 1905 	1900 	1384
f 1384 	1903 	1905
f 1386 	1140 	1338
f 1384 	1924 	1903
f 1386 	1391 	1140
f 1384 	1926 	1924
f 1389 	1331 	1332
f 1368 	680 	1358
f 1331 	1389 	1327
f 1368 	1351 	680
f 1347 	1386 	1338
f 1322 	1313 	1390
f 1384 	1301 	1926
f 1340 	1392 	1358
f 1379 	1389 	1380
f 2219 	1388 	1385
f 1392 	1366 	1368
f 1385 	1390 	1387
f 1392 	1360 	1366
f 1127 	1370 	1195
f 1392 	1363 	1360
f 1308 	1301 	1384
f 1376 	1393 	1388
f 1362 	1370 	1463
f 1393 	1322 	1388
f 1362 	1231 	1370
f 301 	374 	827
f 1231 	1196 	1370
f 1388 	1322 	1385
f 1369 	1308 	1384
f 1064 	1367 	1127
f 1392 	1368 	1358
f 1367 	1370 	1127
f 1196 	1195 	1370
f 1385 	1322 	1390
f 606 	1340 	1358
f 822 	434 	442
f 2353 	1392 	1340
f 1376 	1288 	1393
f 1418 	1362 	1417
f 1388 	1337 	1376
f 1342 	1394 	1265
f 2506 	2081 	1302
f 1402 	1403 	1341
f 1251 	1395 	1240
f 1399 	1341 	1398
f 1402 	1341 	1399
f 1398 	1341 	1422
f 1422 	1401 	1398
f 1302 	459 	2506
f 1302 	337 	459
f 1391 	1386 	1261
f 1342 	1397 	1394
f 946 	682 	1118
f 790 	674 	1403
f 1334 	1191 	1261
f 1404 	1396 	1400
f 698 	1118 	682
f 1402 	1736 	1403
f 1399 	1736 	1402
f 1240 	1395 	1241
f 1394 	1336 	1265
f 1395 	1494 	1241
f 668 	946 	806
f 1394 	1332 	1336
f 1410 	93 	1409
f 1394 	1439 	1389
f 1362 	1395 	1251
f 1406 	926 	1405
f 255 	1883 	1693
f 1395 	1362 	1418
f 1407 	926 	1406
f 1409 	926 	1407
f 1332 	1394 	1389
f 1740 	1407 	1406
f 1740 	1406 	1405
f 1349 	1425 	1408
f 1304 	1349 	1408
f 1408 	1323 	1304
f 1407 	1923 	1409
f 1334 	1261 	1386
f 1479 	1404 	1400
f 1408 	1342 	1265
f 1408 	1265 	1323
f 1380 	1413 	1379
f 1355 	1327 	1389
f 1341 	1403 	674
f 1355 	1389 	1413
f 1398 	1923 	1399
f 1389 	1379 	1413
f 1415 	1367 	1412
f 522 	919 	901
f 522 	301 	844
f 1410 	1409 	1923
f 919 	522 	844
f 1345 	1440 	1422
f 1397 	1342 	1408
f 374 	828 	827
f 828 	374 	392
f 1397 	1408 	1425
f 392 	410 	828
f 828 	410 	434
f 1411 	1430 	1428
f 822 	828 	434
f 1472 	1424 	1431
f 1416 	1429 	1419
f 955 	822 	442
f 1435 	1319 	1320
f 1674 	1435 	1320
f 1424 	1427 	1431
f 1420 	1395 	1418
f 1380 	1921 	1939
f 955 	442 	957
f 1435 	1449 	1319
f 957 	802 	946
f 1431 	1427 	1478
f 802 	806 	946
f 1430 	1432 	1428
f 1448 	879 	1324
f 884 	1324 	879
f 1439 	1438 	1380
f 1400 	1437 	1479
f 1477 	1479 	1437
f 1360 	1451 	1424
f 1360 	1424 	1440
f 1380 	1389 	1439
f 1493 	1391 	1430
f 1118 	635 	1016
f 1400 	1396 	1437
f 1441 	1394 	1397
f 635 	1118 	698
f 1434 	1435 	1674
f 1360 	1440 	1345
f 1442 	1443 	1444
f 1695 	1419 	1396
f 1433 	1510 	1434
f 1445 	1434 	1499
f 1397 	1425 	1441
f 1016 	635 	648
f 1445 	1435 	1434
f 1443 	1446 	1447
f 1016 	648 	651
f 1435 	1445 	1448
f 1447 	1444 	1443
f 1424 	1422 	1440
f 1437 	1464 	1477
f 1429 	1416 	1414
f 672 	682 	946
f 1396 	1419 	1429
f 1448 	1449 	1435
f 1429 	1436 	1396
f 651 	901 	1016
f 1324 	1449 	1448
f 1437 	1396 	1436
f 1324 	1319 	1449
f 879 	1448 	1445
f 1424 	1450 	1427
f 1420 	1418 	1417
f 1424 	1451 	1450
f 1125 	1452 	1124
f 1420 	1417 	1536
f 1527 	1417 	1362
f 1751 	1750 	1939
f 1357 	1124 	1452
f 1453 	1455 	1454
f 1456 	1457 	1458
f 1444 	1137 	1442
f 1471 	1154 	1474
f 1459 	1474 	1154
f 1451 	1360 	2368
f 1453 	1460 	1455
f 1422 	1593 	1592
f 1592 	354 	1422
f 1458 	1464 	1456
f 1463 	1415 	1362
f 1307 	1460 	1453
f 1450 	1451 	1488
f 1307 	1470 	1460
f 1420 	1495 	1395
f 1296 	1307 	1453
f 1463 	1370 	1415
f 2415 	2413 	1451
f 1446 	1443 	1467
f 1470 	1455 	1460
f 1469 	1452 	1471
f 1470 	1466 	1455
f 1452 	1126 	1471
f 1370 	1367 	1415
f 893 	895 	1466
f 1420 	2011 	1495
f 1466 	1470 	893
f 1431 	1475 	1472
f 895 	924 	1466
f 1464 	1468 	1525
f 1473 	1467 	1476
f 924 	1462 	1466
f 1525 	1456 	1464
f 924 	923 	1462
f 1443 	1476 	1467
f 1480 	1442 	1481
f 1355 	1752 	1314
f 1426 	1421 	1693
f 1464 	1458 	1477
f 1458 	1479 	1477
f 1473 	1476 	1482
f 1476 	1484 	1482
f 1456 	1483 	1457
f 1476 	1480 	1484
f 1274 	532 	1136
f 951 	1136 	532
f 953 	1136 	951
f 1466 	1462 	1582
f 1442 	1140 	1481
f 1486 	1457 	1483
f 1383 	1140 	1442
f 1456 	1465 	1483
f 1137 	1383 	1442
f 1483 	1465 	1489
f 1491 	1485 	1549
f 1489 	1490 	1483
f 1481 	1493 	1480
f 1493 	1484 	1480
f 1424 	1472 	1593
f 1138 	1136 	953
f 1495 	1494 	1395
f 1486 	1490 	1492
f 1486 	1483 	1490
f 1505 	1502 	1783
f 1450 	1488 	1487
f 1427 	1450 	1487
f 953 	959 	1138
f 1490 	1496 	1492
f 1427 	1487 	1478
f 1783 	1784 	1505
f 1465 	1498 	1489
f 1475 	1431 	1478
f 1126 	1452 	1131
f 1451 	2461 	1488
f 1499 	1078 	936
f 959 	1001 	1138
f 555 	808 	1502
f 1461 	1474 	1459
f 1505 	1784 	1504
f 1456 	1498 	1465
f 1471 	1474 	1461
f 936 	879 	1499
f 1445 	1499 	879
f 1549 	1497 	1491
f 1469 	1471 	1461
f 1486 	1492 	1404
f 1155 	1138 	552
f 1001 	552 	1138
f 1404 	1458 	1486
f 1576 	1526 	1461
f 1486 	1458 	1457
f 1524 	1475 	1478
f 808 	1783 	1502
f 1452 	1125 	1131
f 1404 	1479 	1458
f 1503 	1784 	1508
f 1498 	1659 	1489
f 1508 	1157 	1155
f 1503 	1508 	1155
f 1504 	1503 	1155
f 1500 	1506 	1433
f 1490 	1489 	1496
f 1330 	1333 	1512
f 1487 	2461 	1478
f 555 	1502 	552
f 1502 	1505 	552
f 1155 	552 	1505
f 1155 	1505 	1504
f 1511 	1330 	1512
f 1510 	1433 	1506
f 1513 	1434 	1510
f 1518 	1512 	1333
f 1515 	1519 	1525
f 1339 	1518 	1333
f 1512 	1807 	1511
f 1491 	1520 	1509
f 1521 	1515 	1436
f 1246 	1511 	1507
f 1475 	1524 	1472
f 1522 	1507 	1511
f 1499 	1434 	1513
f 1246 	1330 	1511
f 1472 	1524 	1516
f 1525 	1468 	1515
f 1339 	1326 	1518
f 1478 	1567 	1524
f 1523 	1520 	1497
f 1520 	1491 	1497
f 1476 	1443 	1442
f 1362 	1415 	1527
f 1476 	1442 	1480
f 1529 	1530 	580
f 1527 	1415 	1412
f 1484 	1411 	1482
f 1530 	1533 	581
f 2508 	2509 	1535
f 1412 	1517 	1527
f 581 	580 	1530
f 1484 	1493 	1430
f 1497 	1531 	1523
f 1529 	1545 	1537
f 346 	1534 	349
f 1484 	1430 	1411
f 1537 	1530 	1529
f 1140 	1391 	1493
f 1539 	1540 	1535
f 2511 	2508 	1540
f 1533 	1530 	1537
f 1536 	393 	1420
f 1140 	1493 	1481
f 1542 	2511 	1540
f 1417 	1527 	1536
f 1534 	1543 	1538
f 1544 	1538 	1543
f 1526 	1528 	1541
f 346 	1543 	1534
f 1533 	589 	588
f 1543 	1548 	1544
f 346 	1548 	1543
f 1215 	1211 	1546
f 393 	405 	1420
f 1539 	1535 	1544
f 1539 	1544 	1548
f 1461 	1541 	1469
f 1537 	1596 	1533
f 1215 	1432 	1554
f 1550 	1555 	1551
f 1432 	1430 	1554
f 1583 	1557 	1516
f 1024 	1033 	1550
f 1541 	1528 	1558
f 1565 	1539 	1548
f 1497 	1549 	1552
f 1391 	1554 	1430
f 317 	495 	1295
f 1558 	1528 	1553
f 1554 	1264 	1215
f 1295 	1555 	1550
f 317 	1295 	1550
f 1555 	1295 	1556
f 1538 	1544 	1535
f 1541 	1452 	1469
f 1295 	1298 	1556
f 1741 	1552 	1549
f 366 	1517 	1343
f 1561 	1558 	1553
f 1295 	366 	1343
f 1741 	1746 	1552
f 366 	1527 	1517
f 1429 	1414 	1562
f 1552 	1746 	1547
f 1565 	1563 	1539
f 1559 	1521 	1429
f 1559 	1515 	1521
f 1521 	1436 	1429
f 1500 	1433 	1501
f 1673 	1605 	1545
f 1497 	1552 	1531
f 1559 	1429 	1560
f 1712 	1531 	1552
f 1552 	1547 	1712
f 1454 	1735 	1731
f 1566 	1558 	1561
f 1564 	1558 	1566
f 1527 	366 	393
f 1357 	1452 	1564
f 1527 	393 	1536
f 1541 	1564 	1452
f 1568 	1532 	1559
f 1420 	405 	397
f 1564 	1541 	1558
f 1519 	1515 	1559
f 1580 	1564 	1566
f 1559 	1532 	1519
f 1429 	1562 	1560
f 1567 	1563 	1524
f 1568 	1560 	1562
f 1540 	1539 	1563
f 1568 	1559 	1560
f 1563 	1542 	1540
f 1528 	1526 	1576
f 1578 	1571 	1572
f 1582 	1455 	1466
f 1572 	1344 	1578
f 1461 	1526 	1541
f 1591 	1579 	1572
f 1557 	1563 	1565
f 1579 	1344 	1572
f 1564 	1580 	1357
f 1548 	1557 	1565
f 1344 	1579 	1581
f 1574 	622 	589
f 1735 	1454 	1582
f 1516 	1524 	1583
f 1621 	1357 	1580
f 666 	658 	1584
f 1583 	1524 	1557
f 1455 	1582 	1454
f 1524 	1563 	1557
f 1585 	1891 	1485
f 1582 	1045 	1735
f 1462 	923 	1582
f 1519 	1532 	1587
f 923 	971 	1582
f 971 	1045 	1582
f 1491 	1509 	1591
f 1584 	658 	655
f 1499 	1075 	1080
f 1603 	1590 	1589
f 633 	1575 	1584
f 1081 	1499 	1080
f 633 	623 	1573
f 1593 	1422 	1424
f 1516 	1557 	1592
f 1472 	1516 	1592
f 1573 	1574 	1596
f 1591 	1572 	1585
f 1472 	1592 	1593
f 1485 	1491 	1585
f 1585 	1491 	1591
f 1573 	1596 	1575
f 346 	1592 	1548
f 1573 	1575 	633
f 1591 	1350 	1579
f 1592 	1557 	1548
f 1602 	1603 	1589
f 1594 	1350 	1604
f 1592 	346 	354
f 1519 	1599 	1607
f 1206 	535 	1595
f 1078 	1499 	1081
f 1422 	93 	1608
f 1605 	1645 	1606
f 1603 	1411 	1428
f 1426 	1377 	1594
f 1673 	1671 	1605
f 1350 	1591 	1604
f 1796 	1601 	1577
f 1601 	535 	270
f 1401 	1422 	1608
f 1603 	1602 	1411
f 1750 	1645 	1605
f 270 	1577 	1601
f 1602 	1482 	1411
f 1587 	1532 	1600
f 1635 	1606 	1645
f 1923 	1608 	1410
f 1519 	1587 	1599
f 1584 	1575 	1637
f 1482 	1602 	1473
f 1587 	1600 	1599
f 1862 	1500 	1501
f 1545 	1596 	1537
f 1600 	1532 	1586
f 1670 	1609 	1432
f 1500 	1862 	1863
f 1533 	1596 	1574
f 623 	622 	1574
f 1609 	1428 	1432
f 1533 	1574 	589
f 1607 	1456 	1525
f 1683 	1206 	1595
f 1603 	1588 	1590
f 1525 	1519 	1607
f 1510 	1506 	1867
f 1613 	1614 	1615
f 1610 	1634 	1618
f 1599 	1617 	1616
f 1618 	921 	894
f 1609 	1670 	1597
f 1634 	1632 	1618
f 1620 	1206 	1683
f 1597 	1588 	1609
f 1510 	1870 	1513
f 1612 	1618 	1632
f 1600 	1617 	1599
f 1603 	1428 	1609
f 1603 	1609 	1588
f 1621 	1580 	1799
f 1600 	1586 	1617
f 1607 	1599 	1616
f 1628 	1597 	1598
f 1498 	1607 	1616
f 1627 	1277 	1207
f 889 	921 	1618
f 1604 	1426 	1594
f 1617 	1586 	1629
f 1620 	1683 	1623
f 1604 	1421 	1426
f 1622 	1624 	1588
f 1611 	1618 	1612
f 1576 	1625 	1528
f 1590 	1626 	1589
f 1468 	1436 	1515
f 1604 	1591 	1509
f 1623 	1627 	1620
f 1576 	1791 	1625
f 1605 	1606 	1596
f 1456 	1607 	1498
f 1606 	1635 	1637
f 1468 	1464 	1437
f 1377 	1426 	2039
f 1624 	1762 	1590
f 1545 	1605 	1596
f 1436 	1468 	1437
f 1606 	1575 	1596
f 1509 	1514 	1423
f 1574 	1573 	623
f 1575 	1606 	1637
f 1628 	1622 	1588
f 1423 	1421 	1509
f 1588 	1597 	1628
f 1590 	1588 	1624
f 1637 	666 	1584
f 1632 	1611 	1612
f 1633 	1629 	1586
f 1528 	1625 	1647
f 1604 	1509 	1421
f 1611 	1632 	1631
f 545 	1668 	1629
f 1629 	1668 	1732
f 1598 	1419 	1628
f 1629 	1633 	545
f 1566 	1561 	1650
f 1767 	1622 	1628
f 1638 	1636 	1639
f 1566 	1650 	1653
f 1532 	1568 	1639
f 1566 	1661 	1667
f 1568 	1562 	1639
f 1667 	1580 	1566
f 1643 	1641 	1642
f 1631 	1632 	1634
f 1653 	1651 	1566
f 1641 	1644 	1642
f 1651 	1661 	1566
f 1642 	1646 	1643
f 1634 	1610 	1649
f 1640 	1570 	1637
f 1631 	2086 	1611
f 1528 	1647 	1553
f 609 	666 	1637
f 1648 	1649 	914
f 1586 	1532 	1636
f 609 	1637 	1570
f 1731 	1992 	1454
f 1561 	1553 	1647
f 1586 	1636 	1633
f 1980 	1970 	1501
f 2010 	2009 	1501
f 1650 	1561 	1647
f 1980 	1501 	2146
f 1562 	1638 	1639
f 1414 	1638 	1562
f 1649 	1610 	914
f 1532 	1639 	1636
f 1207 	1620 	1627
f 1644 	1589 	1626
f 93 	1422 	354
f 991 	1666 	1654
f 1641 	1643 	1467
f 926 	1409 	93
f 1608 	93 	1410
f 93 	1648 	926
f 1467 	1643 	1446
f 1619 	1627 	1613
f 1204 	996 	1656
f 1644 	1602 	1589
f 1655 	1617 	1629
f 1602 	1644 	1473
f 1619 	1613 	1615
f 1644 	1641 	1473
f 1473 	1641 	1467
f 1619 	1284 	1627
f 1732 	1668 	1663
f 1498 	1655 	1659
f 1320 	1657 	1652
f 1655 	1616 	1617
f 1668 	1680 	1663
f 1657 	1656 	1652
f 1654 	1652 	1656
f 1631 	1672 	1662
f 1656 	996 	1654
f 1498 	1616 	1655
f 1664 	1665 	1666
f 1546 	1663 	1680
f 1666 	1010 	1664
f 1634 	1672 	1631
f 1670 	1215 	1546
f 1666 	1687 	1654
f 1640 	2370 	1570
f 1638 	1692 	1636
f 1615 	1669 	1619
f 2350 	1635 	1645
f 1529 	580 	1701
f 1750 	1751 	1645
f 1010 	1012 	1664
f 1681 	1658 	1660
f 1674 	1320 	1652
f 1701 	1702 	1529
f 1670 	1432 	1215
f 1665 	1664 	1434
f 1433 	1434 	1664
f 1727 	1655 	1629
f 1727 	1629 	1732
f 1669 	1305 	1290
f 1545 	1690 	1675
f 1545 	1675 	1673
f 1677 	1634 	1676
f 1691 	1690 	1529
f 1634 	1649 	1676
f 1615 	1305 	1669
f 1652 	1654 	1687
f 1605 	1678 	1679
f 1679 	1755 	1605
f 1305 	1615 	1614
f 1634 	1677 	1672
f 545 	1636 	1680
f 1687 	1674 	1652
f 1677 	1660 	1662
f 1680 	1670 	1546
f 1692 	1638 	1414
f 1636 	1692 	1680
f 1678 	1605 	1671
f 1692 	1670 	1680
f 1681 	1660 	1677
f 1598 	1737 	1416
f 1671 	1673 	1314
f 1675 	1314 	1673
f 1416 	1419 	1598
f 1677 	1662 	1672
f 1416 	1737 	1414
f 1679 	1678 	1314
f 545 	1633 	1636
f 1678 	1671 	1314
f 1613 	1686 	1688
f 580 	724 	1701
f 1687 	1666 	1665
f 1623 	1683 	1686
f 1676 	1649 	1677
f 1545 	1529 	1690
f 1682 	1647 	1625
f 1675 	1274 	1314
f 1682 	1650 	1647
f 1682 	1684 	1651
f 1682 	1653 	1650
f 1690 	1274 	1675
f 1689 	1994 	1976
f 1651 	1653 	1682
f 1692 	1737 	1670
f 1689 	1419 	1695
f 1691 	1274 	1690
f 1737 	1692 	1414
f 1705 	135 	1697
f 1699 	1404 	1492
f 1421 	1696 	1693
f 1649 	135 	1677
f 1696 	1421 	1423
f 1702 	1703 	1529
f 129 	1698 	135
f 647 	662 	1700
f 1703 	1691 	1529
f 1704 	1695 	1396
f 1698 	2140 	2142
f 1698 	2142 	2129
f 1686 	1627 	1623
f 532 	1274 	1701
f 724 	532 	1701
f 1699 	1704 	1396
f 1686 	1613 	1627
f 1705 	1697 	1698
f 1702 	1701 	1274
f 1703 	1702 	1274
f 1699 	1396 	1404
f 1305 	1614 	1706
f 1614 	1613 	1706
f 1691 	1703 	1274
f 1705 	2127 	1658
f 1688 	1685 	1706
f 1658 	1681 	1707
f 1705 	1707 	1681
f 1705 	1658 	1707
f 1713 	1706 	1685
f 1784 	1708 	1711
f 1784 	1711 	1718
f 1688 	1706 	1613
f 1784 	1718 	1721
f 135 	1681 	1677
f 1508 	1784 	1721
f 1743 	1685 	1688
f 1773 	1836 	1726
f 1681 	135 	1705
f 1649 	1648 	135
f 1773 	1726 	1714
f 1349 	1708 	1714
f 1547 	1716 	1712
f 1699 	1715 	1704
f 1661 	1694 	1710
f 1661 	1651 	1694
f 1706 	1374 	1305
f 1711 	1708 	1349
f 1698 	129 	128
f 1709 	1661 	1710
f 1697 	135 	1698
f 1549 	1485 	1720
f 1709 	1722 	1661
f 93 	135 	1648
f 1689 	1723 	1994
f 1508 	1721 	1157
f 1718 	1711 	1157
f 1723 	1724 	2000
f 1725 	1724 	1723
f 1665 	1674 	1687
f 1665 	1434 	1674
f 1713 	1772 	1706
f 1349 	1157 	1711
f 1721 	1718 	1157
f 1401 	1923 	1398
f 1742 	1728 	1836
f 1726 	1836 	1728
f 1727 	1700 	1655
f 1726 	1349 	1714
f 1695 	1723 	1689
f 1663 	1727 	1732
f 1723 	1704 	1734
f 1349 	1726 	1728
f 1723 	1695 	1704
f 1730 	1733 	1749
f 1403 	1736 	1278
f 1670 	1737 	1597
f 1741 	1549 	1720
f 1742 	1836 	1738
f 1733 	1730 	1729
f 1598 	1597 	1737
f 1728 	1742 	1349
f 1739 	1425 	1738
f 1729 	1685 	1743
f 1719 	1725 	1734
f 1738 	1349 	1742
f 1683 	1743 	1686
f 1743 	1688 	1686
f 1739 	14 	1745
f 1744 	1299 	1321
f 1713 	1685 	1729
f 1739 	1745 	1425
f 1736 	1744 	1321
f 1729 	1730 	1713
f 1745 	14 	1747
f 1736 	1321 	1299
f 1727 	1748 	1700
f 1736 	1299 	1278
f 1748 	1727 	1663
f 2023 	2004 	1719
f 1745 	1747 	1425
f 1730 	1749 	1761
f 1751 	1766 	1645
f 1765 	1645 	1766
f 1734 	1725 	1723
f 1693 	1748 	1426
f 1744 	1318 	1223
f 1761 	1713 	1730
f 2000 	1725 	1719
f 1752 	1753 	1605
f 1753 	1759 	1605
f 1748 	1969 	1426
f 1752 	1355 	1753
f 1413 	1753 	1355
f 1748 	1292 	1927
f 1628 	1419 	1689
f 1318 	1754 	1325
f 1768 	1423 	1514
f 1890 	1886 	1292
f 1659 	1756 	1757
f 1605 	1755 	1752
f 1754 	1758 	1325
f 1755 	1314 	1752
f 1693 	1292 	1748
f 1683 	1781 	1729
f 1735 	1895 	1731
f 1679 	1314 	1755
f 1750 	1605 	1759
f 1743 	1683 	1729
f 1659 	1757 	1489
f 1700 	677 	647
f 1683 	1595 	1781
f 1380 	1759 	1413
f 1753 	1413 	1759
f 1045 	1925 	1735
f 684 	1352 	1789
f 1380 	1939 	1750
f 1352 	1382 	1789
f 662 	667 	1700
f 1735 	1925 	1895
f 1788 	1496 	1757
f 1749 	1733 	1761
f 1496 	1489 	1757
f 1762 	1626 	1590
f 1762 	1763 	1626
f 1761 	1733 	1779
f 1760 	1496 	1788
f 1750 	1759 	1380
f 1761 	1772 	1713
f 1717 	1712 	1716
f 1764 	1624 	1622
f 1716 	1746 	1741
f 1760 	1492 	1496
f 1547 	1746 	1716
f 1374 	1706 	1772
f 1622 	1767 	1764
f 1699 	1492 	1760
f 1987 	2079 	1766
f 1764 	1769 	1762
f 1751 	1939 	1766
f 1788 	1715 	1699
f 1760 	1788 	1699
f 2540 	1856 	1769
f 1744 	1770 	1798
f 1661 	1722 	1667
f 1761 	1811 	1771
f 1771 	1772 	1761
f 1722 	1709 	2085
f 1714 	1708 	1773
f 2085 	1786 	1722
f 1776 	1318 	1744
f 1771 	1382 	1772
f 1776 	1754 	1318
f 1722 	1786 	1667
f 1708 	1774 	1773
f 1776 	1744 	1798
f 1896 	1625 	1630
f 1500 	1863 	1506
f 1782 	1756 	1775
f 1782 	1757 	1756
f 1758 	1754 	1776
f 1506 	1863 	1867
f 1803 	1773 	1774
f 1777 	1778 	1775
f 1896 	1682 	1625
f 1779 	1729 	1781
f 1780 	1758 	1776
f 1779 	1781 	1810
f 1503 	1504 	1784
f 1778 	1782 	1775
f 1874 	1513 	1870
f 1667 	1894 	1580
f 1774 	1708 	1784
f 1788 	1782 	1785
f 1923 	1740 	1910
f 1787 	1761 	1779
f 1779 	1733 	1729
f 1788 	1757 	1782
f 1789 	1808 	1817
f 1507 	1791 	1246
f 1791 	1154 	1246
f 808 	994 	1783
f 1791 	1459 	1154
f 1792 	1782 	1778
f 1771 	1789 	1382
f 1507 	1806 	1791
f 1550 	1551 	1793
f 1777 	1814 	1790
f 1771 	1811 	1789
f 1792 	1778 	1777
f 1461 	1459 	1791
f 1550 	1793 	1024
f 1761 	1787 	1811
f 1792 	1777 	1790
f 1792 	1785 	1782
f 1802 	1785 	1792
f 1461 	1791 	1576
f 1577 	998 	1241
f 1815 	1792 	1816
f 1795 	1577 	1241
f 1241 	1494 	1795
f 1577 	1795 	1796
f 1801 	1556 	2700
f 1795 	1797 	1796
f 2700 	1803 	1801
f 1792 	1790 	1816
f 1774 	1793 	1794
f 1788 	1734 	1704
f 1555 	1556 	1801
f 1794 	1555 	1801
f 1798 	1800 	1776
f 1800 	1780 	1776
f 1361 	1621 	1799
f 1774 	1794 	1801
f 1788 	1802 	1734
f 1801 	1803 	1774
f 1799 	1316 	1361
f 1788 	1785 	1802
f 1361 	1357 	1621
f 1715 	1788 	1704
f 1495 	1795 	1494
f 1758 	1780 	1800
f 1831 	1802 	1792
f 1774 	1024 	1793
f 1804 	1758 	1800
f 1805 	2013 	1806
f 1024 	1774 	1784
f 1595 	1796 	1797
f 1033 	1024 	1783
f 1796 	1595 	1601
f 1783 	1024 	1784
f 1740 	1804 	1910
f 1804 	1740 	1758
f 1810 	1811 	1779
f 1910 	1804 	1913
f 1770 	1822 	1798
f 1511 	1807 	1805
f 1812 	1810 	1797
f 1655 	1869 	1659
f 1812 	1811 	1810
f 1775 	1756 	1659
f 1805 	1522 	1511
f 1806 	1522 	1805
f 1781 	1595 	1797
f 1869 	1775 	1659
f 1810 	1781 	1797
f 1580 	1830 	1807
f 1811 	1787 	1779
f 1812 	1808 	1811
f 1807 	1799 	1580
f 1814 	1777 	1775
f 684 	1789 	910
f 1817 	910 	1789
f 1769 	1856 	1762
f 1808 	1789 	1811
f 1764 	1762 	1624
f 1767 	1853 	1769
f 1803 	2700 	1035
f 1764 	1767 	1769
f 1035 	1809 	1803
f 1856 	1763 	1762
f 1816 	1818 	1815
f 1807 	1518 	1326
f 1814 	1818 	1816
f 1326 	1316 	1807
f 1799 	1807 	1316
f 1807 	1512 	1518
f 1820 	1842 	1825
f 1824 	1798 	1822
f 1791 	1806 	1837
f 1825 	1826 	1820
f 1816 	1790 	1814
f 1821 	1820 	1826
f 1507 	1522 	1806
f 1826 	1827 	1821
f 1843 	1090 	1094
f 1821 	1828 	1823
f 1821 	1827 	1828
f 1802 	1831 	1734
f 1851 	1819 	1090
f 1825 	1901 	1826
f 1807 	1830 	1805
f 1815 	1838 	1831
f 1829 	1832 	1824
f 1831 	1792 	1815
f 1803 	1809 	1773
f 1829 	1833 	1834
f 1625 	1791 	1837
f 1978 	1942 	1829
f 1815 	1835 	1838
f 1738 	1836 	14
f 1909 	1901 	1825
f 1837 	1630 	1625
f 1942 	1833 	1829
f 1835 	1839 	1838
f 1767 	1628 	1689
f 1767 	1689 	1976
f 2432 	2535 	1842
f 1976 	1853 	1767
f 1829 	1834 	1832
f 33 	1848 	31
f 33 	49 	1848
f 1819 	1848 	967
f 1849 	1835 	1815
f 1851 	1090 	1850
f 1846 	1940 	1844
f 2534 	2536 	1847
f 1090 	1843 	1850
f 1835 	1852 	1839
f 1940 	1841 	1844
f 1940 	1854 	1841
f 1851 	29 	1848
f 1842 	1841 	1854
f 1815 	1818 	1849
f 1851 	1850 	29
f 1849 	1852 	1835
f 1854 	1855 	1842
f 1843 	29 	1850
f 1800 	1798 	1824
f 1849 	1840 	1852
f 1848 	1857 	967
f 1856 	1847 	1763
f 1849 	1818 	1814
f 1874 	1499 	1513
f 1094 	938 	1843
f 1874 	1875 	1499
f 29 	31 	1848
f 1851 	1848 	1819
f 1847 	1856 	2540
f 1855 	1854 	1986
f 1974 	1978 	1829
f 1843 	71 	29
f 1843 	205 	71
f 1929 	1986 	1854
f 46 	14 	1857
f 1831 	1719 	1734
f 1696 	1423 	1768
f 1075 	1499 	1875
f 1930 	1831 	1838
f 1849 	1814 	1845
f 1849 	1845 	1840
f 1716 	1866 	1717
f 1865 	950 	210
f 1867 	1870 	1510
f 1775 	1869 	1937
f 2038 	2025 	1860
f 2572 	1871 	1873
f 1873 	1871 	1644
f 1644 	1626 	1873
f 1872 	1717 	1866
f 2620 	1864 	1868
f 1873 	1763 	2572
f 1892 	1893 	1868
f 1626 	1763 	1873
f 1871 	1865 	1878
f 1877 	1880 	1876
f 1878 	1642 	1644
f 1878 	1646 	1642
f 1878 	1644 	1871
f 1804 	1832 	1813
f 1646 	1865 	210
f 1878 	1865 	1646
f 1882 	1861 	1828
f 1882 	1864 	1861
f 1868 	1864 	1882
f 2044 	2051 	1860
f 1883 	1890 	1292
f 1800 	1824 	1832
f 1904 	1881 	1839
f 1882 	1828 	1884
f 1863 	1862 	1664
f 1883 	1906 	1890
f 1907 	1884 	1828
f 1832 	1858 	1859
f 1886 	1887 	1888
f 1907 	1885 	1884
f 1859 	1813 	1832
f 1858 	1910 	1859
f 1877 	2033 	1880
f 1868 	1882 	1884
f 1693 	1883 	1292
f 1664 	1867 	1863
f 1881 	1889 	1839
f 1881 	1876 	1889
f 1012 	1075 	1875
f 1889 	1876 	1880
f 1885 	1868 	1884
f 1664 	1012 	1875
f 1806 	2013 	1837
f 1874 	1664 	1875
f 1870 	1867 	1664
f 1585 	1572 	1891
f 1885 	1892 	1868
f 1667 	1899 	1894
f 1891 	1572 	1571
f 1874 	1870 	1664
f 1889 	1838 	1839
f 1893 	1892 	2636
f 1877 	2050 	2033
f 1995 	1891 	1999
f 1897 	1935 	1892
f 1892 	1935 	2636
f 1045 	1046 	1925
f 1995 	1485 	1891
f 1876 	1881 	1898
f 1804 	1800 	1832
f 1667 	1786 	1899
f 1857 	1848 	46
f 1902 	1905 	1903
f 1292 	1886 	1888
f 1887 	1886 	1890
f 1901 	1827 	1826
f 1664 	2145 	1433
f 1901 	1907 	1827
f 1906 	1887 	1890
f 1907 	1828 	1827
f 1899 	1580 	1894
f 1908 	1848 	49
f 1910 	1858 	1860
f 1899 	2014 	1580
f 1857 	1836 	1773
f 1580 	2014 	1830
f 1773 	1809 	1857
f 1911 	1912 	1901
f 1859 	1913 	1813
f 1908 	79 	46
f 49 	79 	1908
f 1910 	1913 	1859
f 1908 	46 	1848
f 1804 	1813 	1913
f 2058 	1990 	1915
f 1836 	1857 	14
f 1292 	1888 	1927
f 1909 	1911 	1901
f 1731 	1916 	1914
f 1912 	1907 	1901
f 1895 	1916 	1731
f 1914 	1916 	1919
f 1883 	2581 	1906
f 1912 	1885 	1907
f 1736 	1399 	1923
f 1924 	1902 	1903
f 1917 	1911 	1909
f 1852 	1904 	1839
f 1407 	1740 	1923
f 1887 	1906 	2583
f 1911 	1920 	1912
f 1900 	1905 	1902
f 1920 	1885 	1912
f 1923 	1954 	2006
f 1954 	1923 	1952
f 1919 	1915 	1914
f 1897 	1911 	1917
f 1920 	1911 	1892
f 1966 	1829 	1923
f 1892 	1885 	1920
f 1897 	1892 	1911
f 1925 	1916 	1895
f 902 	1927 	1888
f 1928 	1891 	1900
f 1948 	1881 	1904
f 2172 	1919 	1135
f 1700 	1748 	1927
f 1900 	1931 	1928
f 1930 	1719 	1831
f 1927 	896 	677
f 1700 	1927 	677
f 1401 	1608 	1923
f 1744 	1736 	1923
f 1919 	1916 	1139
f 1964 	1972 	1929
f 1923 	1822 	1770
f 1139 	1141 	1919
f 1141 	1135 	1919
f 1929 	1979 	1933
f 1925 	1139 	1916
f 1923 	1824 	1822
f 1900 	1902 	1931
f 1889 	1719 	1838
f 1934 	1922 	1921
f 1145 	1139 	1925
f 1979 	1929 	1972
f 1923 	1829 	1824
f 1933 	1935 	1929
f 1852 	1840 	1904
f 1294 	2042 	1293
f 1770 	1744 	1923
f 1719 	1930 	1838
f 1294 	1296 	1453
f 1910 	1860 	1923
f 1933 	2591 	1935
f 1953 	1952 	1923
f 1845 	1937 	1840
f 1939 	1921 	1922
f 1845 	1814 	1937
f 1931 	1902 	1977
f 1937 	1948 	1904
f 1962 	1942 	1944
f 1999 	1891 	1928
f 1937 	1904 	1840
f 1939 	1922 	1934
f 1937 	1814 	1775
f 1928 	1946 	1999
f 1940 	1846 	1947
f 1854 	1940 	1950
f 1943 	1944 	1942
f 1962 	1944 	1949
f 1951 	1959 	1945
f 1949 	1945 	1962
f 1951 	1954 	1963
f 1931 	1946 	1928
f 1306 	1163 	1938
f 1941 	1938 	1163
f 1953 	1963 	1954
f 1952 	1953 	1954
f 1947 	1846 	67
f 1163 	843 	1941
f 1998 	2045 	1921
f 1948 	1877 	1876
f 1957 	1962 	1956
f 1958 	1962 	1957
f 1955 	1956 	1962
f 1950 	1929 	1854
f 1380 	1438 	1921
f 1946 	1931 	1977
f 2156 	1297 	1936
f 1898 	1948 	1876
f 1997 	1998 	1921
f 1948 	1898 	1881
f 1960 	1955 	1962
f 67 	1961 	1947
f 1921 	1438 	1997
f 1961 	1940 	1947
f 1964 	1950 	1940
f 1369 	1384 	1900
f 1965 	1951 	1963
f 1962 	1945 	1960
f 1959 	1951 	1965
f 1960 	1945 	1959
f 1961 	1964 	1940
f 1964 	1929 	1950
f 1891 	1571 	1900
f 1441 	1918 	1967
f 1578 	1900 	1571
f 2042 	1294 	1992
f 1900 	1578 	1344
f 2010 	1501 	1970
f 1900 	1344 	1369
f 1433 	2146 	1501
f 1961 	1972 	1964
f 1918 	1441 	1425
f 1655 	600 	592
f 1972 	1961 	45
f 1974 	1829 	1966
f 1979 	1972 	45
f 1453 	1992 	1294
f 1979 	45 	60
f 1962 	1834 	1942
f 1834 	1833 	1942
f 2690 	2591 	60
f 1842 	1983 	1825
f 1902 	1924 	1977
f 1983 	1909 	1825
f 1984 	1943 	1974
f 1977 	1924 	1926
f 1974 	1943 	1978
f 1942 	1978 	1943
f 1977 	1926 	1301
f 1983 	1842 	1855
f 1974 	1966 	1984
f 1968 	1984 	1966
f 1985 	1968 	1966
f 1982 	2146 	1975
f 1980 	2146 	1982
f 1855 	1986 	1983
f 1968 	1949 	1944
f 1984 	1968 	1944
f 1719 	2015 	2023
f 1988 	1949 	1968
f 1986 	1929 	1989
f 1984 	1944 	1943
f 1990 	1992 	1731
f 1989 	1983 	1986
f 1934 	1921 	2045
f 1454 	1992 	1453
f 1983 	1989 	1917
f 1985 	1988 	1968
f 1994 	1981 	1976
f 1917 	1989 	1929
f 1971 	1985 	1966
f 2000 	1981 	1994
f 1995 	1720 	1485
f 1917 	1909 	1983
f 2045 	1987 	1934
f 2004 	1981 	2000
f 1949 	1971 	1945
f 1935 	1917 	1929
f 1996 	1945 	1971
f 1935 	1897 	1917
f 1985 	1971 	1949
f 2002 	1862 	2001
f 1949 	1988 	1985
f 1954 	1951 	2006
f 1999 	1993 	1995
f 1987 	1939 	1934
f 1723 	2000 	1994
f 1990 	2002 	2001
f 2003 	2007 	2011
f 2003 	2008 	2007
f 2009 	2001 	1501
f 1862 	1501 	2001
f 1991 	2015 	1719
f 2001 	1992 	1990
f 1951 	1945 	1996
f 1438 	2055 	1997
f 2005 	2007 	2008
f 1993 	1946 	1977
f 1981 	2004 	2023
f 2001 	2009 	1992
f 1999 	1946 	1993
f 2055 	1438 	1439
f 1958 	2018 	1834
f 2009 	2010 	1992
f 2011 	2007 	1795
f 1834 	1962 	1958
f 2004 	2000 	1719
f 2011 	1795 	1495
f 1724 	1725 	2000
f 1996 	2006 	1951
f 2011 	1420 	2003
f 1971 	1923 	1996
f 2006 	1996 	1923
f 37 	2550 	1976
f 1301 	2471 	1993
f 2003 	1420 	397
f 1971 	1966 	1923
f 2003 	2005 	2008
f 51 	132 	1981
f 2016 	1834 	2018
f 1795 	2005 	1797
f 58 	37 	1981
f 727 	725 	2019
f 1981 	37 	1976
f 58 	1981 	132
f 1797 	2005 	1812
f 1830 	2021 	1805
f 1830 	2022 	2021
f 2007 	2005 	1795
f 2012 	51 	1981
f 2019 	1969 	1250
f 1830 	2014 	2022
f 2023 	2012 	1981
f 1159 	727 	2019
f 2015 	2012 	2023
f 2017 	1987 	2020
f 151 	2028 	2065
f 2021 	2013 	1805
f 2021 	2022 	2024
f 2014 	2024 	2022
f 1858 	2027 	1860
f 1858 	1832 	2027
f 2019 	1161 	1159
f 736 	675 	1969
f 1860 	2025 	2030
f 912 	910 	2028
f 1956 	2030 	1957
f 2031 	1957 	2030
f 1817 	2062 	2026
f 1976 	2550 	1853
f 1956 	2032 	2030
f 1969 	1663 	1546
f 2029 	1862 	2002
f 1817 	2026 	910
f 1969 	1546 	1250
f 736 	1969 	2019
f 2018 	2035 	2025
f 1889 	1880 	2034
f 1977 	1301 	1993
f 2029 	2002 	1990
f 2038 	2018 	2025
f 2029 	1990 	2058
f 2034 	1880 	2036
f 1969 	1932 	2039
f 2025 	2035 	2030
f 2031 	2030 	2035
f 2156 	1936 	2042
f 2039 	1308 	1369
f 2044 	2030 	2032
f 2071 	2028 	2074
f 2093 	2020 	2045
f 1991 	2034 	2036
f 2041 	1995 	1993
f 1987 	2045 	2020
f 2034 	1991 	1719
f 1889 	2034 	1719
f 2041 	1720 	1995
f 2040 	2046 	2037
f 1860 	2030 	2044
f 2039 	1932 	744
f 1958 	1957 	2031
f 2035 	2018 	2031
f 1958 	2031 	2018
f 2043 	1991 	2036
f 1955 	2032 	1956
f 337 	1302 	2048
f 2027 	2016 	2038
f 2018 	2038 	2016
f 2050 	1880 	2033
f 337 	2048 	831
f 2055 	1998 	1997
f 1860 	2027 	2038
f 2036 	1880 	2050
f 2037 	1808 	2049
f 2052 	1860 	2051
f 2048 	826 	831
f 2037 	2049 	2047
f 2039 	782 	785
f 2024 	2013 	2021
f 1832 	1834 	2027
f 758 	2053 	2054
f 2043 	2050 	2072
f 2054 	785 	758
f 2054 	2039 	785
f 1834 	2016 	2027
f 2045 	1998 	2055
f 1808 	2037 	2056
f 2048 	2053 	791
f 2164 	2198 	2058
f 1960 	1959 	2051
f 1960 	2051 	2044
f 1960 	2044 	2032
f 2076 	2047 	2057
f 2013 	2024 	2060
f 791 	792 	2048
f 2047 	2049 	1812
f 744 	782 	2039
f 792 	820 	2048
f 2049 	1808 	1812
f 2043 	2036 	2050
f 1896 	2013 	2060
f 826 	2048 	820
f 1963 	1860 	2052
f 2058 	2198 	2042
f 2051 	1959 	2063
f 2047 	1812 	2059
f 1896 	1630 	2013
f 2051 	2063 	2052
f 2050 	1877 	1948
f 1837 	2013 	1630
f 1960 	2032 	1955
f 2047 	2059 	2057
f 2164 	2058 	2170
f 2054 	1301 	2039
f 1914 	1915 	1990
f 1731 	1914 	1990
f 2003 	2057 	2059
f 1969 	1748 	1663
f 2059 	2005 	2003
f 2052 	1965 	1963
f 1970 	2042 	2010
f 1812 	2005 	2059
f 2042 	1992 	2010
f 1817 	1808 	2056
f 1860 	1963 	1923
f 1963 	1953 	1923
f 1969 	2039 	1426
f 2097 	2098 	2061
f 2056 	2046 	2062
f 2026 	2062 	2046
f 2111 	1682 	1896
f 1377 	2039 	1369
f 1965 	2052 	2063
f 2064 	2061 	2043
f 1817 	2056 	2062
f 2063 	1959 	1965
f 2072 	2064 	2043
f 1301 	1308 	2039
f 2040 	2026 	2046
f 2140 	2138 	2065
f 2069 	2073 	2066
f 2082 	2077 	1980
f 1970 	1980 	2077
f 2054 	2075 	2068
f 1394 	2055 	1439
f 1394 	1441 	2055
f 2068 	1301 	2054
f 1441 	1967 	2055
f 2066 	2078 	2067
f 2045 	2055 	2105
f 2077 	2042 	1970
f 525 	2047 	2076
f 2072 	2104 	2064
f 2100 	1982 	1975
f 2561 	2445 	2067
f 1301 	1302 	2497
f 2076 	889 	2092
f 2056 	2037 	2046
f 2071 	2065 	2028
f 2067 	2445 	2070
f 2026 	2074 	2028
f 2040 	2074 	2026
f 397 	2057 	2003
f 2081 	2506 	2080
f 2076 	2092 	2083
f 2074 	2076 	2083
f 2047 	525 	2037
f 2017 	2089 	2079
f 525 	2076 	2040
f 1987 	2017 	2079
f 2014 	1899 	2085
f 1899 	1786 	2085
f 2085 	2087 	2014
f 2084 	2086 	2107
f 2084 	2083 	2086
f 2114 	1694 	1651
f 2083 	2092 	2086
f 2088 	1869 	1655
f 2114 	1651 	1684
f 2088 	1948 	1937
f 1937 	1869 	2088
f 2092 	889 	1611
f 2092 	1611 	2086
f 2061 	2095 	2097
f 2090 	1693 	2096
f 2140 	2065 	2142
f 2061 	2098 	2015
f 2192 	2085 	2137
f 2017 	2020 	2150
f 2096 	1693 	1696
f 2015 	1991 	2043
f 2096 	1696 	1768
f 2043 	2061 	2015
f 2083 	2101 	2071
f 2083 	2071 	2074
f 1710 	2128 	1709
f 2121 	2123 	2098
f 2095 	2104 	2097
f 2061 	2064 	2095
f 2084 	2101 	2083
f 2103 	2102 	1980
f 2144 	2137 	2085
f 2085 	1709 	2144
f 2082 	1980 	2102
f 2101 	2084 	2107
f 2055 	1967 	2105
f 2099 	2094 	2102
f 1710 	1694 	2128
f 2064 	2104 	2095
f 2175 	2014 	2087
f 2097 	2104 	2106
f 2014 	2175 	2024
f 2107 	2108 	2101
f 2110 	2111 	2112
f 1982 	2103 	1980
f 2103 	1982 	2100
f 2072 	2106 	2104
f 2101 	2120 	2119
f 2072 	2121 	2106
f 2040 	2037 	525
f 2115 	81 	2012
f 2074 	2040 	2076
f 2115 	243 	81
f 51 	2012 	81
f 1194 	1231 	183
f 2102 	2094 	2082
f 2015 	2115 	2012
f 1631 	1662 	2108
f 2116 	2117 	2110
f 89 	92 	2115
f 1362 	183 	1231
f 2108 	2107 	2086
f 2117 	2114 	1684
f 2668 	2118 	1120
f 1631 	2108 	2086
f 89 	2115 	2098
f 2111 	2117 	1684
f 2106 	2121 	2097
f 2113 	2091 	2096
f 1684 	1682 	2111
f 2058 	2042 	2077
f 2111 	2110 	2117
f 2120 	2101 	2124
f 2123 	2125 	89
f 2101 	2108 	2124
f 2077 	2082 	2058
f 1896 	2112 	2111
f 89 	2098 	2123
f 2108 	2120 	2124
f 2117 	2116 	2114
f 2114 	2128 	1694
f 1038 	756 	2618
f 2127 	2119 	2120
f 2116 	2141 	2144
f 2122 	2091 	2113
f 2100 	1975 	2126
f 2103 	2100 	2126
f 2126 	1975 	1973
f 2097 	2121 	2098
f 1660 	1658 	2127
f 2130 	2125 	2123
f 89 	2125 	2130
f 2120 	1662 	1660
f 2122 	2289 	2091
f 2120 	2108 	1662
f 2130 	141 	138
f 2144 	1709 	2116
f 1660 	2127 	2120
f 2113 	2096 	1768
f 2121 	2072 	2130
f 2128 	2116 	1709
f 2072 	2050 	2130
f 2127 	2129 	2132
f 1698 	2127 	1705
f 2114 	2116 	2128
f 187 	2139 	189
f 2102 	2103 	2126
f 1948 	154 	2130
f 2126 	2135 	2102
f 154 	141 	2130
f 2133 	2134 	2112
f 2123 	2121 	2130
f 1879 	1872 	2131
f 2058 	2082 	2094
f 2136 	2122 	2131
f 2130 	2050 	1948
f 2132 	2119 	2127
f 2131 	2122 	1879
f 2015 	2098 	2115
f 2071 	2142 	2065
f 2029 	2099 	2102
f 2134 	2110 	2112
f 2071 	2119 	2132
f 154 	1948 	2088
f 2088 	793 	154
f 2071 	2101 	2119
f 2138 	128 	329
f 2460 	2339 	2139
f 787 	793 	2088
f 2058 	2094 	2099
f 1698 	128 	2138
f 781 	2088 	1655
f 2138 	2140 	1698
f 2054 	1302 	2075
f 2053 	1302 	2054
f 592 	781 	1655
f 2053 	2048 	1302
f 2058 	2099 	2029
f 1655 	1700 	600
f 2146 	1433 	2145
f 2143 	2137 	2141
f 329 	2065 	2138
f 2137 	2144 	2141
f 2146 	2135 	2126
f 2127 	1698 	2129
f 2145 	2135 	2146
f 2142 	2132 	2129
f 2102 	2135 	2145
f 2109 	2017 	2149
f 1973 	2146 	2126
f 151 	2065 	329
f 1973 	1975 	2146
f 2345 	2152 	2148
f 2071 	2132 	2142
f 1862 	2102 	2145
f 2148 	2139 	2147
f 2145 	1664 	1862
f 2093 	2154 	2020
f 1293 	2042 	1936
f 2134 	2116 	2110
f 2153 	2148 	2152
f 1297 	2156 	1941
f 1938 	1941 	2156
f 1938 	2159 	1306
f 2134 	2141 	2116
f 592 	1712 	780
f 2017 	2150 	2149
f 2225 	2109 	2149
f 2269 	2133 	2167
f 2148 	2153 	2139
f 2198 	2158 	2155
f 2158 	2159 	2155
f 2160 	2134 	2151
f 1938 	2156 	2155
f 2149 	2150 	2163
f 2159 	1938 	2155
f 2020 	2154 	2150
f 2158 	2212 	1387
f 2160 	2151 	2270
f 1387 	1390 	2158
f 2158 	2161 	2159
f 2161 	1306 	2159
f 2160 	2141 	2134
f 2113 	1768 	977
f 2158 	1390 	2161
f 1390 	1313 	2161
f 977 	979 	2113
f 2017 	2109 	2089
f 2168 	2179 	83
f 83 	2179 	177
f 2160 	2143 	2141
f 2149 	2213 	2225
f 2163 	2279 	2149
f 2213 	2149 	2279
f 2155 	2042 	2198
f 2170 	2058 	2169
f 2154 	2093 	2163
f 2154 	2163 	2150
f 2045 	2163 	2093
f 2328 	2079 	2109
f 2029 	2102 	1862
f 2166 	25 	2139
f 1741 	2191 	1716
f 2109 	2079 	2089
f 2169 	2058 	1915
f 2105 	2163 	2045
f 2169 	2171 	2170
f 2169 	1915 	2172
f 2168 	103 	2166
f 2170 	2174 	2199
f 2173 	2165 	2206
f 2170 	2182 	2174
f 2165 	2176 	2206
f 2177 	1918 	1425
f 117 	25 	2166
f 2170 	2199 	2164
f 1919 	2172 	1915
f 2172 	2181 	2169
f 2168 	2184 	2179
f 2181 	2171 	2169
f 2180 	2060 	2024
f 2060 	2180 	2183
f 2184 	2168 	2215
f 2171 	2182 	2170
f 2172 	2186 	2181
f 2185 	2060 	2183
f 2181 	2187 	2171
f 2187 	2182 	2171
f 2188 	2163 	2105
f 1135 	2186 	2172
f 2112 	1896 	2185
f 2181 	1353 	2187
f 2326 	2317 	2178
f 1967 	1918 	2177
f 1768 	886 	977
f 2177 	2105 	1967
f 2177 	2188 	2105
f 2180 	2249 	2254
f 1353 	2181 	2186
f 2206 	1866 	1716
f 1353 	1356 	2182
f 2180 	2024 	2175
f 1356 	1354 	2182
f 2187 	1353 	2182
f 1896 	2060 	2185
f 1337 	2219 	1354
f 2193 	2194 	2195
f 2174 	2182 	1354
f 1365 	2186 	1364
f 2195 	2196 	2193
f 2402 	2177 	2400
f 1425 	1747 	2177
f 2184 	2195 	2194
f 2156 	2042 	2155
f 2236 	2192 	2233
f 2174 	2219 	2199
f 1987 	1766 	1939
f 2158 	2198 	2203
f 2244 	2194 	2193
f 2213 	2214 	2204
f 2205 	2213 	2204
f 2185 	2256 	2200
f 1866 	2206 	1872
f 2184 	2194 	2244
f 2198 	2212 	2203
f 2207 	2204 	2214
f 2214 	2216 	2207
f 2212 	2158 	2203
f 2256 	2185 	2183
f 1716 	2191 	2206
f 2210 	2211 	2209
f 2199 	2198 	2164
f 2168 	2166 	2215
f 2218 	2208 	2217
f 2202 	2208 	2218
f 2199 	2212 	2198
f 2295 	2167 	2200
f 2199 	2219 	2212
f 2167 	2133 	2200
f 2206 	2191 	2197
f 2166 	2223 	2215
f 2221 	2222 	2201
f 2211 	2201 	2222
f 2211 	2222 	2209
f 2223 	2166 	2139
f 2220 	2221 	2201
f 2201 	2202 	2220
f 2218 	2220 	2202
f 2216 	2217 	2208
f 2208 	2207 	2216
f 2112 	2200 	2133
f 2202 	2201 	2224
f 1354 	2219 	2174
f 2223 	2139 	2153
f 1385 	2212 	2219
f 2223 	2227 	2226
f 2112 	2185 	2200
f 1872 	2206 	2131
f 700 	886 	1514
f 2206 	2197 	2173
f 1337 	1388 	2219
f 2184 	2215 	2195
f 1385 	1387 	2212
f 2215 	2226 	2195
f 2215 	2223 	2226
f 2229 	2232 	2228
f 2235 	2131 	2206
f 2192 	2230 	2233
f 2226 	2196 	2195
f 2227 	2189 	2226
f 2241 	2109 	2225
f 2224 	2237 	2202
f 2227 	2274 	2189
f 2231 	2348 	2234
f 2223 	2153 	2227
f 2235 	2206 	2238
f 2206 	2176 	2238
f 2189 	2190 	2226
f 2109 	2228 	2239
f 2226 	2190 	2196
f 2131 	2178 	2136
f 2240 	2241 	2204
f 2241 	2242 	2204
f 2205 	2204 	2242
f 811 	1879 	2122
f 2204 	2207 	2240
f 2236 	2087 	2085
f 2242 	2225 	2205
f 2085 	2192 	2236
f 2340 	2235 	2238
f 2189 	2243 	2190
f 2225 	2242 	2241
f 2196 	2190 	2243
f 2175 	2087 	2236
f 2243 	2193 	2196
f 2272 	2234 	2366
f 2243 	2244 	2193
f 2228 	2109 	2240
f 2241 	2240 	2109
f 2454 	2173 	2197
f 2208 	2229 	2207
f 2229 	2228 	2207
f 2240 	2207 	2228
f 2233 	2175 	2236
f 2248 	2232 	2208
f 2229 	2208 	2232
f 2247 	2248 	2208
f 2233 	2230 	2249
f 2228 	2232 	2248
f 2251 	2248 	2247
f 2252 	127 	177
f 2239 	2228 	2248
f 2239 	2248 	2251
f 592 	1531 	1712
f 2179 	2252 	177
f 2237 	2251 	2208
f 2247 	2208 	2251
f 2202 	2237 	2208
f 2175 	2233 	2249
f 2225 	2213 	2205
f 2250 	127 	2252
f 2178 	2131 	2235
f 2237 	2239 	2251
f 1520 	608 	642
f 2243 	2262 	2250
f 2250 	2262 	2290
f 2255 	2246 	2245
f 2364 	2351 	2176
f 2224 	2201 	2257
f 2211 	2257 	2201
f 2252 	2244 	2250
f 2252 	2179 	2184
f 2109 	2239 	2237
f 2253 	2255 	2245
f 2252 	2184 	2244
f 2243 	2250 	2244
f 2256 	2183 	2180
f 2261 	280 	1381
f 2256 	2180 	2258
f 2258 	2180 	2254
f 2175 	2249 	2180
f 2262 	2260 	2259
f 618 	2263 	2255
f 2257 	2328 	2224
f 1381 	1371 	2263
f 2162 	2069 	2324
f 1381 	2263 	2261
f 2235 	2340 	2341
f 2261 	614 	280
f 2260 	2262 	2243
f 2265 	2267 	2264
f 618 	614 	2261
f 2265 	2615 	2267
f 2261 	2263 	618
f 2263 	1371 	1383
f 2351 	2238 	2176
f 2615 	2616 	2267
f 2231 	1383 	1137
f 2263 	1383 	2268
f 2267 	2616 	2599
f 2234 	2268 	1383
f 2231 	2234 	1383
f 2266 	2259 	2260
f 2214 	2280 	2308
f 1523 	597 	602
f 2263 	2268 	2255
f 2301 	2217 	2216
f 2308 	2309 	2214
f 2152 	2271 	2153
f 2270 	2151 	2269
f 2273 	2246 	2268
f 2218 	2217 	2301
f 2271 	2227 	2153
f 2272 	2273 	2268
f 2271 	2274 	2227
f 2301 	2300 	2218
f 2234 	2272 	2268
f 2275 	2274 	2271
f 2275 	2266 	2260
f 2268 	2246 	2255
f 2122 	2113 	979
f 2260 	2274 	2275
f 2243 	2189 	2260
f 2278 	2275 	2271
f 2137 	2143 	2307
f 804 	2122 	799
f 2276 	2269 	2315
f 2191 	1720 	2041
f 2269 	2296 	2315
f 2266 	2275 	2278
f 2269 	2151 	2134
f 2133 	2269 	2134
f 1741 	1720 	2191
f 2282 	2281 	2283
f 496 	627 	2277
f 2191 	2338 	2347
f 627 	2253 	2277
f 2277 	643 	496
f 2143 	2270 	2307
f 2245 	2277 	2253
f 597 	1523 	1531
f 2189 	2274 	2260
f 2289 	2122 	2136
f 1531 	592 	597
f 2259 	2266 	2285
f 637 	2286 	636
f 2136 	2178 	2317
f 2280 	2281 	2308
f 2280 	2283 	2281
f 2160 	2270 	2143
f 2293 	2283 	2280
f 2259 	2285 	2287
f 2192 	2137 	2307
f 2290 	2262 	2259
f 2163 	2283 	2279
f 2288 	2314 	2286
f 2317 	2318 	2136
f 2067 	2330 	2066
f 2069 	2066 	2324
f 2259 	2291 	2290
f 2286 	2314 	2319
f 2279 	2294 	2293
f 2214 	2213 	2293
f 2279 	2293 	2213
f 1712 	1717 	764
f 2167 	2295 	2296
f 2293 	2280 	2214
f 2298 	2299 	2152
f 2300 	2301 	2282
f 2301 	2302 	2282
f 2281 	2282 	2302
f 2298 	2303 	2299
f 2157 	2298 	2152
f 2282 	2283 	2300
f 2298 	2425 	2316
f 2303 	2298 	2316
f 637 	2288 	2286
f 1523 	602 	608
f 2304 	2305 	2283
f 2300 	2283 	2305
f 2167 	2296 	2269
f 327 	2286 	319
f 1520 	1523 	608
f 2316 	2419 	2303
f 2285 	2299 	2303
f 780 	1712 	764
f 2307 	2270 	2269
f 637 	2306 	2288
f 2291 	2287 	2303
f 2216 	2281 	2302
f 2286 	327 	636
f 2292 	2291 	2303
f 2309 	2281 	2216
f 2276 	2307 	2269
f 670 	1509 	642
f 2308 	2281 	2309
f 2288 	2306 	2284
f 1509 	1520 	642
f 320 	319 	2286
f 2310 	462 	262
f 2303 	2419 	2292
f 320 	2286 	365
f 2311 	2096 	2091
f 2259 	2287 	2291
f 2091 	2310 	2311
f 2277 	2322 	2306
f 2297 	2291 	2292
f 2287 	2285 	2303
f 2277 	2306 	643
f 700 	1514 	1509
f 2319 	2284 	2313
f 2310 	262 	2311
f 2293 	2294 	2283
f 2091 	2369 	2310
f 2278 	2271 	2152
f 670 	700 	1509
f 2283 	2294 	2279
f 2312 	2192 	2307
f 2278 	2152 	2299
f 2216 	2302 	2301
f 2462 	2312 	2307
f 2266 	2299 	2285
f 2216 	2214 	2309
f 2369 	453 	2310
f 2284 	2314 	2288
f 2330 	2067 	2332
f 2324 	2066 	2330
f 2070 	2332 	2067
f 1514 	886 	1768
f 453 	462 	2310
f 2319 	2314 	2284
f 2266 	2278 	2299
f 2221 	2304 	2222
f 2313 	2284 	2306
f 2290 	2291 	2297
f 2399 	2313 	2306
f 2122 	979 	854
f 2220 	2218 	2305
f 2305 	2218 	2300
f 2090 	255 	1693
f 262 	2090 	2096
f 2122 	854 	832
f 832 	847 	2122
f 2311 	262 	2096
f 799 	2122 	847
f 2329 	2315 	2323
f 2090 	262 	255
f 811 	1872 	1879
f 2276 	2320 	2307
f 2408 	756 	709
f 2221 	2321 	2304
f 2304 	2321 	2305
f 757 	1872 	811
f 2321 	2221 	2220
f 2315 	2464 	2320
f 2276 	2315 	2320
f 2091 	2289 	2318
f 1872 	757 	1717
f 764 	1717 	757
f 2322 	2273 	2272
f 2321 	2220 	2305
f 2315 	2296 	2295
f 2289 	2136 	2318
f 2315 	2295 	2323
f 2304 	2283 	2222
f 2245 	2322 	2277
f 2246 	2273 	2322
f 2323 	2417 	2324
f 2246 	2322 	2245
f 2324 	2329 	2323
f 2211 	2210 	2328
f 2210 	2209 	2328
f 2324 	2330 	2329
f 2328 	2257 	2211
f 2237 	2224 	2328
f 2333 	2315 	2329
f 2326 	2504 	2331
f 2328 	2109 	2237
f 2328 	2283 	2163
f 2332 	2333 	2329
f 2399 	2306 	2387
f 2209 	2222 	2328
f 2222 	2283 	2328
f 2188 	2328 	2163
f 2188 	2177 	2328
f 1447 	2334 	1444
f 2330 	2332 	2329
f 2328 	2177 	2574
f 2574 	2394 	2328
f 1444 	2334 	2231
f 2332 	2336 	2333
f 2394 	2392 	2079
f 1137 	1444 	2231
f 2393 	2395 	2079
f 2332 	2465 	2336
f 2339 	2148 	2147
f 1446 	2342 	2343
f 2344 	2249 	2230
f 2347 	2338 	2335
f 2339 	2345 	2148
f 1446 	2343 	1447
f 2395 	1765 	2079
f 2234 	2348 	2349
f 2350 	1640 	1637
f 2396 	2230 	2192
f 2238 	2351 	2340
f 2231 	2334 	2348
f 1635 	2350 	1637
f 2338 	2325 	2335
f 2334 	2343 	2348
f 2147 	2139 	2339
f 1570 	2353 	1569
f 2325 	2327 	2335
f 2354 	2157 	2346
f 2353 	1340 	1569
f 2343 	2334 	1447
f 2326 	2412 	2407
f 2349 	2359 	2234
f 2335 	2484 	2347
f 2352 	2358 	2355
f 2343 	2361 	2348
f 2358 	2256 	2258
f 2317 	2369 	2318
f 2361 	2349 	2348
f 2326 	2407 	2317
f 2345 	2357 	2354
f 2258 	2254 	2358
f 2341 	2326 	2178
f 2341 	2504 	2326
f 2317 	2391 	2369
f 2235 	2341 	2178
f 2345 	2354 	2346
f 2339 	2337 	2345
f 2363 	2349 	2361
f 1645 	2356 	2350
f 2354 	2357 	2367
f 2371 	2365 	272
f 2363 	2366 	2359
f 272 	282 	2371
f 2358 	2254 	2344
f 2165 	2364 	2176
f 2425 	2354 	2367
f 2363 	2359 	2349
f 2344 	2254 	2249
f 2173 	2364 	2165
f 1640 	2350 	2370
f 2366 	2234 	2359
f 2360 	2362 	2350
f 2360 	2350 	2356
f 2345 	2346 	2157
f 2345 	2157 	2152
f 1570 	2370 	2353
f 2361 	2343 	2342
f 2353 	2372 	1392
f 2370 	2372 	2353
f 1392 	2372 	1363
f 2370 	2350 	2362
f 2264 	2162 	2417
f 1363 	2372 	2368
f 2378 	2477 	2377
f 2265 	2264 	1823
f 2372 	2362 	2368
f 1823 	1828 	2265
f 2372 	2370 	2362
f 2331 	2380 	2326
f 2418 	2295 	2382
f 2381 	2414 	2376
f 2362 	2415 	2368
f 2358 	2352 	2423
f 2361 	2377 	2363
f 2382 	2358 	2423
f 2377 	2385 	2375
f 2382 	2256 	2358
f 2382 	2200 	2256
f 2415 	2362 	2420
f 2200 	2382 	2295
f 2383 	2337 	2518
f 2383 	2345 	2337
f 2375 	2387 	2377
f 2379 	2389 	2374
f 2390 	2352 	2355
f 2375 	2385 	2472
f 1645 	2393 	2356
f 2392 	2356 	2393
f 2326 	2380 	2386
f 2383 	2357 	2345
f 1765 	2395 	1645
f 2383 	2389 	2357
f 2392 	2394 	2356
f 2386 	2412 	2326
f 2389 	2367 	2357
f 2384 	2389 	2383
f 2393 	2079 	2392
f 2384 	2374 	2389
f 2371 	2369 	2391
f 2393 	1645 	2395
f 2366 	2387 	2272
f 1747 	14 	2400
f 1738 	14 	1739
f 2366 	2363 	2377
f 2398 	2376 	2373
f 2387 	2366 	2377
f 93 	2402 	14
f 2398 	2381 	2376
f 2400 	14 	2402
f 2400 	2177 	1747
f 2230 	2396 	2344
f 454 	458 	2250
f 2313 	2401 	2409
f 2381 	2398 	2638
f 2402 	93 	2403
f 2313 	2399 	2401
f 2408 	454 	2250
f 2401 	2399 	2404
f 2398 	2373 	2405
f 2406 	272 	2365
f 2344 	2396 	2397
f 2177 	2402 	2403
f 2391 	2317 	2407
f 2319 	2313 	2409
f 709 	819 	2408
f 819 	476 	2408
f 2399 	2375 	2404
f 2079 	2328 	2394
f 2410 	2408 	2250
f 2409 	122 	535
f 2405 	2373 	2391
f 2502 	2390 	2355
f 2365 	2373 	2406
f 1765 	1766 	2079
f 2397 	2358 	2344
f 535 	365 	2409
f 2376 	2406 	2373
f 2319 	2409 	2286
f 365 	2286 	2409
f 2397 	2355 	2358
f 2397 	2502 	2355
f 184 	187 	2404
f 2404 	187 	189
f 2368 	2415 	1451
f 26 	25 	2404
f 2192 	2312 	2396
f 25 	117 	2404
f 2386 	2380 	2412
f 189 	26 	2404
f 272 	2414 	267
f 272 	2406 	2414
f 2417 	2162 	2324
f 2421 	1823 	2417
f 2264 	2417 	1823
f 2414 	2406 	2376
f 2416 	2401 	122
f 2422 	2452 	2411
f 2323 	2295 	2418
f 2413 	2439 	2434
f 122 	2409 	2416
f 2416 	2409 	2401
f 2413 	2415 	2420
f 122 	2401 	2404
f 2410 	2297 	2292
f 2399 	2387 	2375
f 2323 	2418 	2417
f 2470 	2404 	2375
f 2411 	2292 	2419
f 2306 	2322 	2387
f 1820 	2432 	1842
f 1823 	2421 	1821
f 2432 	1820 	2421
f 2338 	267 	2325
f 2272 	2387 	2322
f 2424 	2325 	267
f 2423 	2352 	2388
f 519 	649 	2678
f 2419 	2422 	2411
f 2420 	2443 	2413
f 2327 	2325 	2381
f 2422 	2425 	2455
f 2410 	2290 	2297
f 2423 	2388 	2426
f 2335 	2327 	2381
f 210 	222 	1646
f 1646 	2430 	1643
f 2362 	2360 	2560
f 2424 	2381 	2325
f 2430 	2431 	2428
f 2426 	2421 	2423
f 2298 	2157 	2425
f 2391 	2373 	2365
f 2425 	2157 	2354
f 2433 	2427 	2429
f 2426 	2432 	2421
f 2391 	2365 	2371
f 2316 	2422 	2419
f 2424 	267 	2414
f 2435 	2427 	2433
f 2424 	2414 	2381
f 2421 	2417 	2423
f 2431 	223 	2428
f 2418 	2382 	2423
f 2417 	2418 	2423
f 223 	2431 	222
f 2436 	2191 	2457
f 2431 	1646 	222
f 2430 	1646 	2431
f 2436 	2338 	2191
f 2422 	2316 	2425
f 282 	453 	2369
f 2437 	2361 	2342
f 2435 	2433 	2576
f 2250 	2290 	2410
f 2371 	282 	2369
f 2430 	2437 	2342
f 2438 	2292 	2411
f 2441 	2465 	2440
f 2413 	2443 	2439
f 2576 	2541 	2545
f 2411 	2442 	2438
f 2369 	2091 	2318
f 2070 	2445 	2440
f 1446 	2430 	2342
f 267 	2338 	2436
f 2440 	2446 	2441
f 2443 	2444 	2461
f 1446 	1643 	2430
f 2461 	2439 	2443
f 267 	2436 	417
f 2436 	586 	417
f 2438 	2410 	2292
f 2622 	2625 	2427
f 2443 	2562 	2444
f 2457 	2041 	2448
f 2377 	2453 	2378
f 2452 	2451 	2450
f 2650 	2446 	2440
f 2191 	2041 	2457
f 2453 	2361 	2437
f 2451 	2452 	2422
f 2449 	2453 	2437
f 2427 	2435 	2595
f 2477 	2378 	2453
f 2191 	2454 	2197
f 2443 	2420 	2562
f 2453 	2377 	2361
f 2446 	2659 	2441
f 2449 	2437 	2430
f 2450 	2456 	2442
f 2446 	2667 	2659
f 2450 	2451 	2456
f 2452 	2442 	2411
f 2464 	2515 	2463
f 2462 	2463 	2515
f 2452 	2450 	2442
f 2451 	2455 	2456
f 1567 	1478 	2461
f 2379 	2489 	2456
f 2070 	2440 	2332
f 2332 	2440 	2465
f 2482 	2487 	2459
f 1488 	2461 	1487
f 2455 	2379 	2456
f 2484 	2467 	2191
f 2464 	2315 	2333
f 2468 	2425 	2367
f 2454 	2467 	2571
f 2367 	2389 	2468
f 2454 	2191 	2467
f 2413 	2434 	2461
f 2458 	2541 	2429
f 2468 	2455 	2425
f 2500 	244 	2466
f 2434 	2439 	2461
f 2464 	2333 	2336
f 2461 	1451 	2413
f 2451 	2422 	2455
f 2191 	2347 	2484
f 2458 	2429 	2380
f 2389 	2379 	2455
f 2307 	2463 	2462
f 2448 	2469 	585
f 2460 	184 	2404
f 2389 	2455 	2468
f 2460 	2404 	2470
f 2307 	2320 	2463
f 2448 	2471 	2469
f 2320 	2464 	2463
f 586 	2448 	585
f 2473 	2472 	2385
f 1301 	2469 	2471
f 2494 	2459 	2487
f 2444 	2474 	2461
f 2473 	2477 	2475
f 2478 	2476 	2485
f 1993 	2471 	2448
f 2377 	2477 	2473
f 1993 	2448 	2041
f 2479 	2515 	2464
f 2478 	2374 	2476
f 2464 	2336 	2479
f 2436 	2448 	586
f 2380 	2331 	2458
f 2481 	2474 	2444
f 2447 	2475 	2477
f 2377 	2473 	2385
f 2475 	2447 	2466
f 2436 	2457 	2448
f 2480 	2474 	2481
f 2478 	2379 	2374
f 2473 	2466 	2472
f 2473 	2475 	2466
f 2336 	2465 	2479
f 2480 	2481 	2486
f 2465 	2441 	2488
f 2465 	2488 	2479
f 2483 	2459 	2458
f 2483 	2482 	2459
f 2489 	2442 	2456
f 2460 	2470 	2375
f 2489 	2478 	2490
f 2519 	2479 	2488
f 2485 	2490 	2478
f 2477 	2453 	2449
f 2638 	2335 	2381
f 2447 	2477 	2449
f 2466 	2460 	2472
f 2535 	2527 	1844
f 2375 	2472 	2460
f 2441 	2493 	2492
f 2481 	2444 	2562
f 2461 	2538 	2513
f 2544 	2542 	2492
f 2490 	2438 	2489
f 2493 	2441 	2495
f 2461 	2513 	1567
f 2469 	594 	585
f 2496 	257 	2337
f 2337 	2339 	2496
f 1301 	2497 	2469
f 2339 	2460 	2496
f 2495 	2492 	2493
f 2441 	2659 	2495
f 2489 	2379 	2478
f 2497 	594 	2469
f 2466 	2496 	2460
f 2499 	2500 	2447
f 2081 	2498 	1302
f 2447 	2500 	2466
f 2498 	594 	1302
f 2515 	2516 	2462
f 2503 	2462 	2516
f 2501 	2388 	2352
f 2466 	257 	2496
f 2390 	2501 	2352
f 594 	2497 	1302
f 2449 	2499 	2447
f 2396 	2503 	2397
f 2505 	2438 	2490
f 2506 	2498 	2080
f 2428 	2499 	2449
f 2331 	2504 	2458
f 2500 	240 	244
f 2503 	2502 	2397
f 2500 	249 	240
f 2482 	2483 	2504
f 2081 	2080 	2498
f 2499 	216 	2500
f 2483 	2458 	2504
f 2501 	2390 	2502
f 1352 	2506 	459
f 2341 	2482 	2504
f 2428 	217 	2499
f 2430 	2428 	2449
f 684 	2506 	1352
f 2410 	2491 	2408
f 2482 	2341 	2487
f 2312 	2503 	2396
f 2507 	2510 	2509
f 2510 	1535 	2509
f 2505 	2491 	2438
f 2506 	684 	2498
f 2410 	2438 	2491
f 2503 	2312 	2462
f 1534 	1538 	2512
f 349 	1534 	2512
f 2510 	2512 	1538
f 1538 	1535 	2510
f 1535 	1540 	2508
f 2340 	2487 	2341
f 2489 	2438 	2442
f 2492 	2542 	2527
f 1542 	1563 	2511
f 1563 	2513 	2511
f 2500 	216 	249
f 2340 	2494 	2487
f 2466 	244 	257
f 2501 	2502 	2516
f 2502 	2503 	2516
f 2441 	2492 	2488
f 2340 	2351 	2494
f 2518 	257 	260
f 2528 	2514 	2517
f 2518 	993 	2118
f 2518 	260 	993
f 2510 	2507 	2517
f 2479 	2519 	2515
f 2512 	2510 	2514
f 2520 	2549 	2547
f 2520 	2494 	2351
f 2547 	2459 	2520
f 2459 	2494 	2520
f 2364 	2173 	2520
f 447 	2665 	475
f 117 	106 	2533
f 2351 	2364 	2520
f 2527 	2488 	2492
f 1821 	2421 	1820
f 2526 	2523 	2524
f 2514 	2528 	2481
f 2516 	2515 	2531
f 2515 	2519 	2531
f 2520 	2173 	2530
f 2488 	2527 	2519
f 127 	535 	122
f 2578 	2526 	2524
f 26 	2139 	25
f 2509 	2513 	2521
f 2509 	2521 	2525
f 2525 	2528 	2509
f 2509 	2517 	2507
f 2454 	2530 	2173
f 189 	2139 	26
f 2571 	2530 	2454
f 2517 	2509 	2528
f 2509 	2508 	2513
f 2516 	2388 	2501
f 2513 	2508 	2511
f 2517 	2514 	2510
f 2527 	2531 	2519
f 83 	2533 	106
f 2522 	2532 	2383
f 1841 	1842 	2535
f 2542 	1844 	2527
f 106 	103 	83
f 2516 	2531 	2426
f 1567 	2513 	1563
f 117 	2533 	2404
f 2537 	2532 	2522
f 122 	2404 	2533
f 2521 	2513 	2538
f 2516 	2426 	2388
f 2527 	2535 	2531
f 83 	177 	2533
f 1853 	2539 	2540
f 2548 	2521 	2538
f 2534 	2540 	2539
f 122 	2533 	177
f 127 	122 	177
f 2384 	2383 	2532
f 2459 	2541 	2458
f 2432 	2426 	2531
f 2540 	1769 	1853
f 2514 	2562 	2512
f 2535 	2432 	2531
f 2514 	2481 	2562
f 1844 	1841 	2535
f 1847 	2540 	2534
f 2433 	2541 	2576
f 2492 	2543 	2544
f 2459 	2545 	2541
f 2524 	2523 	2537
f 2542 	1846 	1844
f 2536 	2539 	1853
f 2495 	2543 	2492
f 2545 	2459 	2547
f 2539 	2536 	2534
f 2544 	1846 	2542
f 2548 	2525 	2521
f 2522 	2383 	2518
f 2480 	2548 	2474
f 2374 	2384 	2532
f 2537 	2374 	2532
f 2073 	2069 	2597
f 2486 	2481 	2528
f 2433 	2429 	2541
f 2537 	2523 	2526
f 2480 	2486 	2548
f 2524 	2537 	2529
f 1847 	2598 	2573
f 2461 	2474 	2548
f 2657 	2380 	2427
f 2552 	2582 	2551
f 2538 	2461 	2548
f 2526 	2374 	2537
f 2380 	2429 	2427
f 2546 	2536 	2550
f 2526 	2578 	2374
f 2552 	2585 	2582
f 2528 	2525 	2548
f 2374 	2578 	2476
f 2486 	2528 	2548
f 2552 	2588 	2585
f 2520 	2553 	2554
f 2522 	2518 	2670
f 2555 	2556 	2557
f 2549 	2520 	2554
f 2529 	2555 	2557
f 2524 	2529 	2557
f 2078 	2561 	2067
f 2536 	1853 	2550
f 2524 	2557 	2578
f 2555 	2529 	2537
f 2556 	2555 	2564
f 2445 	2561 	2563
f 2553 	2571 	2559
f 2560 	354 	2562
f 2558 	2565 	2566
f 2554 	2553 	2559
f 1865 	2567 	950
f 2566 	2561 	2078
f 2562 	354 	2512
f 2566 	2563 	2561
f 2566 	2078 	2558
f 1865 	2568 	2567
f 2530 	2553 	2520
f 2565 	2569 	2566
f 2560 	2562 	2420
f 2484 	2559 	2571
f 2569 	2570 	2563
f 2362 	2560 	2420
f 354 	349 	2512
f 2569 	2563 	2566
f 2555 	2522 	2670
f 93 	2356 	2574
f 2403 	93 	2574
f 2467 	2484 	2571
f 2555 	2537 	2522
f 93 	2360 	2356
f 2360 	93 	2560
f 93 	354 	2560
f 2403 	2574 	2177
f 2408 	2618 	756
f 2394 	2574 	2356
f 2572 	1763 	1847
f 2553 	2530 	2571
f 2572 	1865 	1871
f 2572 	2568 	1865
f 2573 	2572 	1847
f 2597 	2577 	2073
f 2628 	2567 	2568
f 2558 	2078 	2066
f 2073 	2558 	2066
f 2575 	2576 	2580
f 2551 	2582 	2577
f 2641 	2626 	2578
f 2583 	2581 	2637
f 2576 	2545 	2547
f 2565 	2558 	2585
f 2558 	2073 	2585
f 2584 	2586 	2578
f 2576 	2547 	2580
f 2073 	2577 	2582
f 2583 	1906 	2581
f 2582 	2585 	2073
f 2581 	2579 	2637
f 2587 	520 	2575
f 2587 	2575 	2580
f 2579 	2581 	255
f 2575 	2596 	2576
f 693 	2635 	2579
f 2585 	2588 	2565
f 2587 	583 	520
f 2588 	2569 	2565
f 2485 	2578 	2589
f 2580 	2547 	2608
f 2588 	2552 	2591
f 2590 	2584 	2578
f 2580 	2608 	2587
f 2581 	1883 	255
f 2608 	2547 	2549
f 2593 	2600 	2589
f 154 	992 	2583
f 2591 	2594 	2588
f 2578 	2600 	2593
f 2594 	2569 	2588
f 154 	2583 	447
f 2594 	2592 	2569
f 2587 	537 	583
f 2570 	2569 	2592
f 519 	2595 	2596
f 2592 	2594 	2690
f 2594 	2591 	2690
f 1888 	1887 	2583
f 2578 	2593 	2589
f 2597 	2162 	2264
f 519 	2427 	2595
f 2069 	2162 	2597
f 2596 	540 	519
f 1888 	2583 	1009
f 2595 	2435 	2596
f 2485 	2589 	2490
f 2267 	2597 	2264
f 2597 	2551 	2577
f 2476 	2578 	2485
f 2596 	2575 	540
f 1847 	2536 	2598
f 2267 	2599 	2597
f 2626 	2590 	2578
f 2596 	2435 	2576
f 2536 	2546 	2598
f 2598 	2546 	2601
f 2599 	2602 	2597
f 2490 	2589 	2505
f 2602 	2551 	2597
f 2505 	2627 	2491
f 2627 	2505 	2589
f 2660 	2662 	2604
f 2600 	2610 	2609
f 2601 	2611 	2598
f 2606 	2551 	2602
f 2608 	2604 	537
f 2609 	2610 	2584
f 2606 	2552 	2551
f 2586 	2584 	2610
f 2600 	2586 	2610
f 2598 	2611 	2603
f 2605 	2552 	2606
f 2665 	2550 	37
f 616 	537 	2604
f 2550 	2612 	2601
f 2590 	2626 	2609
f 2613 	2591 	2552
f 2609 	2584 	2590
f 2629 	1935 	2613
f 2612 	2550 	2614
f 2615 	2265 	1828
f 2586 	2600 	2578
f 2550 	2665 	2614
f 519 	2678 	2427
f 1828 	1861 	2615
f 2604 	2608 	2559
f 2601 	2546 	2550
f 2616 	2615 	1861
f 2611 	2601 	2612
f 2616 	2617 	2599
f 2608 	2554 	2559
f 2617 	2605 	2606
f 2614 	2611 	2612
f 2608 	2549 	2554
f 2602 	2617 	2606
f 2664 	2611 	2614
f 2602 	2599 	2617
f 1861 	1864 	2616
f 2611 	2607 	2603
f 2617 	2620 	2621
f 2631 	2573 	2598
f 2620 	2629 	2621
f 2408 	2491 	2618
f 2557 	2556 	2641
f 2625 	2622 	2619
f 2616 	2620 	2617
f 2624 	2628 	2568
f 1864 	2620 	2616
f 2623 	2624 	2603
f 2623 	2628 	2624
f 2621 	2605 	2617
f 2427 	2625 	2657
f 2627 	2589 	2600
f 2609 	2627 	2600
f 1060 	950 	2628
f 2621 	2552 	2605
f 2567 	2628 	950
f 2572 	2624 	2568
f 2603 	2631 	2598
f 2620 	1868 	2629
f 2619 	634 	628
f 2573 	2631 	2624
f 2621 	2629 	2613
f 2603 	2624 	2631
f 2613 	2552 	2621
f 2559 	2658 	2604
f 2572 	2573 	2624
f 1893 	2629 	1868
f 2633 	2626 	2630
f 2626 	2632 	2630
f 2579 	2635 	2646
f 2609 	2626 	2633
f 2636 	2629 	1893
f 2335 	2638 	2634
f 1979 	60 	2591
f 1933 	1979 	2591
f 2613 	1935 	2591
f 2636 	1935 	2629
f 2579 	2646 	2637
f 2627 	2609 	2633
f 2618 	2491 	2627
f 2640 	2445 	2563
f 2640 	2650 	2445
f 2641 	2556 	2564
f 2642 	2644 	2643
f 2639 	2634 	2638
f 2578 	2557 	2641
f 2634 	2658 	2559
f 2583 	2637 	447
f 2634 	2559 	2335
f 2675 	48 	2641
f 2642 	2640 	2563
f 2484 	2335 	2559
f 2563 	2570 	2642
f 2625 	2619 	2655
f 28 	2626 	2641
f 2570 	2645 	2642
f 2398 	2639 	2638
f 2645 	2644 	2642
f 2639 	2653 	2619
f 2647 	2630 	2632
f 2635 	694 	2646
f 2592 	2645 	2570
f 2637 	2646 	2680
f 2440 	2445 	2650
f 2633 	2630 	2647
f 2652 	2637 	2680
f 2642 	2643 	2650
f 2633 	2647 	2651
f 2639 	2398 	2405
f 28 	2649 	2651
f 2680 	2648 	2652
f 28 	2651 	2647
f 2640 	2642 	2650
f 2405 	2653 	2639
f 2646 	694 	2681
f 2405 	2391 	2653
f 2619 	2653 	2655
f 2690 	2654 	2656
f 2655 	2653 	2407
f 2649 	18 	16
f 2652 	2648 	2677
f 2407 	2412 	2655
f 2637 	2652 	447
f 2391 	2407 	2653
f 2618 	2627 	2684
f 2592 	2690 	2656
f 2657 	2655 	2412
f 2656 	2645 	2592
f 2668 	1194 	183
f 2657 	2625 	2655
f 2412 	2380 	2657
f 176 	183 	1362
f 2658 	2660 	2604
f 37 	44 	2665
f 176 	1362 	1251
f 1240 	84 	1251
f 2672 	2662 	2661
f 1240 	998 	84
f 84 	176 	1251
f 2634 	2672 	2661
f 2118 	2669 	2518
f 2650 	2666 	2446
f 2672 	2634 	2639
f 2643 	2666 	2650
f 84 	998 	1038
f 2658 	2661 	2660
f 2666 	2667 	2446
f 2665 	2689 	2664
f 2661 	2662 	2660
f 2614 	2665 	2664
f 2661 	2658 	2634
f 2118 	2668 	2669
f 2607 	2664 	2689
f 2607 	2611 	2664
f 2663 	2659 	2667
f 185 	207 	2670
f 183 	185 	2670
f 2668 	2670 	2669
f 2645 	2671 	2644
f 2604 	2662 	769
f 2669 	2670 	2518
f 2656 	2654 	2671
f 2670 	2673 	2555
f 2639 	2619 	2672
f 2656 	2671 	2645
f 2670 	207 	2673
f 2662 	2672 	628
f 2654 	2674 	2671
f 628 	2672 	2619
f 207 	254 	2673
f 2690 	34 	2654
f 2644 	2671 	2643
f 2564 	2675 	2641
f 2671 	2666 	2643
f 2677 	2695 	2693
f 2671 	2667 	2666
f 2675 	2564 	2555
f 2662 	628 	769
f 2673 	2675 	2555
f 2671 	35 	2667
f 2622 	2427 	2678
f 50 	2675 	2673
f 53 	50 	2673
f 2679 	2619 	2622
f 53 	2673 	104
f 2678 	2679 	2622
f 2673 	254 	104
f 34 	35 	2674
f 2679 	2678 	634
f 2670 	2668 	183
f 2674 	2654 	34
f 2543 	2495 	66
f 634 	2619 	2679
f 66 	67 	1846
f 2680 	2646 	2681
f 834 	507 	2682
f 1038 	2618 	84
f 74 	84 	2618
f 1846 	2544 	66
f 2676 	2680 	2681
f 547 	2682 	548
f 73 	2683 	507
f 74 	2684 	75
f 2544 	2543 	66
f 2676 	2648 	2680
f 507 	2683 	2682
f 2495 	2659 	2663
f 74 	2618 	2684
f 2682 	97 	548
f 16 	75 	2684
f 2633 	2651 	2684
f 2663 	2685 	2495
f 2683 	97 	2682
f 16 	2684 	2649
f 66 	2495 	2685
f 2684 	2627 	2633
f 2667 	2686 	2663
f 447 	2652 	2677
f 2683 	73 	78
f 2663 	2686 	2685
f 2684 	2651 	2649
f 2686 	66 	2685
f 78 	2687 	2683
f 2686 	72 	66
f 2687 	123 	2683
f 85 	2687 	78
f 48 	2675 	50
f 2687 	124 	123
f 2667 	35 	2686
f 2677 	2665 	447
f 112 	2641 	48
f 85 	124 	2687
f 35 	2688 	72
f 2689 	2677 	2693
f 2698 	2607 	2689
f 508 	20 	73
f 2698 	2603 	2607
f 35 	72 	2686
f 168 	13 	509
f 2671 	2674 	35
f 2689 	2665 	2677
f 2690 	2688 	35
f 2632 	28 	2647
f 2632 	2626 	28
f 172 	13 	168
f 34 	2690 	35
f 112 	28 	2641
f 2690 	47 	2688
f 13 	17 	509
f 174 	13 	172
f 2691 	2649 	28
f 28 	36 	2691
f 18 	2649 	2691
f 19 	18 	2691
f 2696 	2692 	2693
f 2692 	2697 	2693
f 816 	2694 	815
f 815 	2694 	2676
f 2677 	2648 	2694
f 2695 	2677 	2694
f 2648 	2676 	2694
f 2695 	2696 	2693
f 2692 	2699 	2697
f 2698 	2693 	2697
f 1359 	2623 	2697
f 1359 	1060 	2628
f 1359 	2628 	2623
f 1343 	2699 	1298
f 1359 	2697 	2699
f 2603 	2698 	2697
f 2698 	2689 	2693
f 2623 	2603 	2697
f 816 	938 	2694
f 1556 	1298 	2700
f 2700 	1298 	2699
f 2700 	2699 	2692
f 967 	2700 	2692
f 1035 	2700 	967
f 976 	2696 	2695
f 976 	1094 	2696
f 2694 	976 	2695
f 967 	2692 	2696
f 938 	976 	2694
f 663 	130 	2701
f 2701 	664 	663
f 224 	664 	2701
f 134 	2702 	130
f 2702 	2701 	130
f 134 	147 	2702
f 2703 	218 	224
f 218 	52 	54
f 54 	219 	218
f 55 	52 	218
f 2703 	55 	218
f 2701 	2702 	224
f 2704 	2703 	224
f 2704 	224 	2702
f 55 	2703 	2704
f 2705 	2704 	2702
f 55 	2705 	70
f 40 	70 	2705
f 2705 	55 	2704
f 24 	2705 	2702
f 2705 	157 	7
f 7 	40 	2705
f 24 	157 	2705
f 147 	24 	2702
f 147 	148 	24
# 5434 faces

 #end of obj_0

